name,strasse,link,lat,long
Ludwig Fleischer,Reuchlinstr. 9,http://www.stolpersteine-stuttgart.de/index.php?docid=677&mid=66,48.76943,9.16066
Moritz Fleischer,Reuchlinstr. 9,http://www.stolpersteine-stuttgart.de/index.php?docid=678&mid=66,48.76943,9.16066
Paula Fleischer,Reuchlinstr. 9,http://www.stolpersteine-stuttgart.de/index.php?docid=676&mid=66,48.76943,9.16066
Siegfried Fleursheimer,Breitscheidstr. 49,http://www.stolpersteine-stuttgart.de/index.php?docid=229&mid=66,48.77764,9.16489
Hermann Fortgang,Böblinger Str. 27B,http://www.stolpersteine-stuttgart.de/index.php?docid=320&mid=66,48.7635476,9.1644764
Isaak Fortgang,Böblinger Str. 27B,http://www.stolpersteine-stuttgart.de/index.php?docid=320&mid=66,48.7635476,9.1644764
Martha Fortgang,Böblinger Str. 27B,http://www.stolpersteine-stuttgart.de/index.php?docid=320&mid=66,48.7635476,9.1644764
Berta Frank,Königsträßle 34,http://www.stolpersteine-stuttgart.de/index.php?docid=715&mid=66,48.7512947,9.1835714
Dr. Stefan Salomon Frank,Königsträßle 34,http://www.stolpersteine-stuttgart.de/index.php?docid=715&mid=66,48.7512947,9.1835714
Alfred Moritz Frankfurter,Hospitalstr. 36,http://www.stolpersteine-stuttgart.de/index.php?docid=533&mid=66,48.77635069999999,9.171204999999999
Carl Frey,Ihmlingstr. 40,,48.80209,9.23724
Franz Fried,Hauptstr. 11,http://www.stolpersteine-stuttgart.de/index.php?docid=288&mid=66,48.7296741,9.1114079
Henriette Fried,Hauptstr. 11,http://www.stolpersteine-stuttgart.de/index.php?docid=288&mid=66,48.7296741,9.1114079
Klara Friedländer,Birkenwaldstr. 127,http://www.stolpersteine-stuttgart.de/index.php?docid=645&mid=66,48.79208,9.17103
Sigmunde Friedmann,Hohenstaufenstr. 17A,http://www.stolpersteine-stuttgart.de/index.php?docid=405&mid=66,48.76643,9.168669999999999
Albert Fröhlich,Rosenbergstr. 119,http://www.stolpersteine-stuttgart.de/index.php?docid=354&mid=66,48.77649779999999,9.1515074
Nathan Fröhlich,Rosenbergstr. 119,http://www.stolpersteine-stuttgart.de/index.php?docid=352&mid=66,48.77649779999999,9.1515074
Walter Frohnmüller,Wernerstr. 31,,48.8953318,9.1775928
Isidor Fromm,Tulpenstr. 7,http://www.stolpersteine-stuttgart.de/index.php?docid=332&mid=66,48.7627355,9.1760141
Klara Fromm,Tulpenstr. 7,http://www.stolpersteine-stuttgart.de/index.php?docid=332&mid=66,48.7627355,9.1760141
Otto Fromm,Tulpenstr. 7,http://www.stolpersteine-stuttgart.de/index.php?docid=332&mid=66,48.7627355,9.1760141
Gertrud Fuld,Ameisenbergstr. 57B,http://www.stolpersteine-stuttgart.de/index.php?docid=552&mid=66,48.78111,9.19773
Martin Fuld,Ameisenbergstr. 57B,http://www.stolpersteine-stuttgart.de/index.php?docid=552&mid=66,48.78111,9.19773
Max Fuld,Ameisenbergstr. 57B,http://www.stolpersteine-stuttgart.de/index.php?docid=552&mid=66,48.78111,9.19773
Robert Fuld,Ameisenbergstr. 57B,http://www.stolpersteine-stuttgart.de/index.php?docid=552&mid=66,48.78111,9.19773
Otto Gabriel,Sparrhämlingweg 73b,http://www.stolpersteine-cannstatt.de/node/153,48.8117227,9.200560699999999
Julius Gailinger,Schloßstr. 54,,48.681273,9.271950000000002
Mathilde Gailinger,Schloßstr. 54,,48.681273,9.271950000000002
Max Gailinger,Schloßstr. 54,,48.681273,9.271950000000002
Emil Gärttner,Augsburger Str. 601,http://www.stolpersteine-stuttgart.de/index.php?docid=474&mid=66,48.7668414,9.2657238
Friedrich Gassmann,Feuerbacher Weg 196,,48.80513,9.1599
Albert Gerson,Theodor-Heuss-Str. 5,http://www.stolpersteine-stuttgart.de/index.php?docid=528&mid=66,48.7775287,9.174844499999999
Karoline Gerson,Theodor-Heuss-Str. 5,http://www.stolpersteine-stuttgart.de/index.php?docid=528&mid=66,48.7775287,9.174844499999999
Meta Gerson,Lindenspürstr. 35,http://www.stolpersteine-stuttgart.de/index.php?docid=458&mid=66,48.77723,9.15903
Adolf Gerst,Pflasteräckerstr. 32,http://www.stolpersteine-stuttgart.de/index.php?docid=130&mid=66,48.77956,9.208179999999999
Elias Gideon,Schickhardtstr. 35,http://www.stolpersteine-stuttgart.de/index.php?docid=335&mid=66,48.76553,9.16
Lore  Glaser,Wunderlichstr. 13,,48.79103079999999,9.213737
Auguste Goldschmidt,Moserstr. 13,http://www.stolpersteine-stuttgart.de/index.php?docid=217&mid=66,48.77861,9.18832
Joseph Goldschmidt,Moserstr. 13,http://www.stolpersteine-stuttgart.de/index.php?docid=217&mid=66,48.77861,9.18832
Berta Göpfert,Brackenheimer Str. 25,http://www.stolpersteine-stuttgart.de/index.php?docid=711&mid=66,48.8348294,9.1676746
Berta Grau,Schmidener Straße 152,,48.81340669999999,9.2322615
Johanna Grau,Hofener Straße 84a,http://www.stolpersteine-cannstatt.de/node/191,48.81239,9.222909999999999
Georg Greiner,Abelsbergstr. 52,http://www.stolpersteine-stuttgart.de/index.php?docid=830&mid=66,48.78695769999999,9.2120881
Jenny Grimminger,Altenberg Str. 42,http://www.stolpersteine-stuttgart.de/index.php?docid=512&mid=66,48.7607028,9.1784599
Betty Grünberg,Albert-Schäffle-Str. 105,http://www.stolpersteine-stuttgart.de/index.php?docid=543&mid=66,48.76936,9.198839999999999
Josef Grünberg,Albert-Schäffle-Str. 105,http://www.stolpersteine-stuttgart.de/index.php?docid=543&mid=66,48.76936,9.198839999999999
Alexandrine Guggenheim,Pfalzstraße 36,http://www.stolpersteine-cannstatt.de/node/103,48.80291,9.2351
Ferdinand Guggenheim,Pfalzstraße 36,http://www.stolpersteine-cannstatt.de/node/103,48.80291,9.2351
Ury Guggenheim,Pfalzstraße 36,http://www.stolpersteine-cannstatt.de/node/103,48.80291,9.2351
Gottfried Gumbel,Cäsar-Fleischlen-Str. 7,http://www.stolpersteine-stuttgart.de/index.php?docid=858&mid=66,48.7845252,9.1528224
Selma Gumbel,Cäsar-Fleischlen-Str. 7,http://www.stolpersteine-stuttgart.de/index.php?docid=858&mid=66,48.7845252,9.1528224
Dr. Robert Gutmann,Markusplatz 1,http://www.stolpersteine-stuttgart.de/index.php?docid=82&mid=66,48.7648392,9.1731587
Julia Gutmann,Daimlerstraße 58,http://www.stolpersteine-cannstatt.de/node/113,48.8026508,9.2195937
Sally Gutmann,Daimlerstraße 58,http://www.stolpersteine-cannstatt.de/node/113,48.8026508,9.2195937
Siegfried Guttmann,Marquardtstr. 6,,48.77348749999999,9.1978225
Sofie Guttmann,Marquardtstr. 6,,48.77348749999999,9.1978225
Walter Guttmann,Neue Weinsteige 3,,48.76654,9.17883
Alice Haarburger,Sandbergerstr. 26,http://www.stolpersteine-stuttgart.de/index.php?docid=438&mid=66,48.7719801,9.195955999999999
Emilie Haarburger,Hauptmannsreute 6,http://www.stolpersteine-stuttgart.de/index.php?docid=818&mid=66,48.78926999999999,9.15884
Fanny Haarburger,Sandbergerstr. 26,http://www.stolpersteine-stuttgart.de/index.php?docid=438&mid=66,48.7719801,9.195955999999999
Gertrud Haarburger,Augustenstr. 49,http://www.stolpersteine-stuttgart.de/index.php?docid=407&mid=66,48.77057,9.163649999999999
Rosa Haas,Marquardtstr. 6,,48.77348749999999,9.1978225
Gottlob Häberle,Kelterberg 10/1,http://www.stolpersteine-stuttgart.de/index.php?docid=359&mid=66,48.7320264,9.107694
Martha Häberle,Mittelstr. 4,http://www.stolpersteine-stuttgart.de/index.php?docid=396&mid=66,48.76792,9.176129999999999
Walter Häbich,Beethovenstr. 48,http://www.stolpersteine-stuttgart.de/index.php?docid=373&mid=66,48.774952,9.1335391
Lydia Hägele,Syltstr. 4,http://www.stolpersteine-stuttgart.de/index.php?docid=783&mid=66,48.835476,9.143900799999999
Alfred Hamburger,Feuerleinstr. 4,http://www.stolpersteine-stuttgart.de/index.php?docid=875&mid=66,48.7815982,9.1563612
Clara Hamburger,Feuerleinstr. 4,http://www.stolpersteine-stuttgart.de/index.php?docid=875&mid=66,48.7815982,9.1563612
Julia Hammel,Seestr. 114,http://www.stolpersteine-stuttgart.de/index.php?docid=705&mid=66,48.7886384,9.164544099999999
Antonie Hanauer,Hauptmannsreute 6,http://www.stolpersteine-stuttgart.de/index.php?docid=821&mid=66,48.78926999999999,9.15884
Johanna Harburger,Falkertstr. 88,http://www.stolpersteine-stuttgart.de/index.php?docid=456&mid=66,48.78538,9.16011
Robert Harburger,Entringer Str. 39,http://www.stolpersteine-stuttgart.de/index.php?docid=722&mid=66,48.74428,9.17185
Blanka Hartstein,Hauptmannsreute 8,http://www.stolpersteine-stuttgart.de/index.php?docid=752&mid=66,48.78898,9.15883
Max Hartstein,Hauptmannsreute 8,http://www.stolpersteine-stuttgart.de/index.php?docid=752&mid=66,48.78898,9.15883
Lina Hatje,Karl-Kloß-Str. 40,http://www.stolpersteine-stuttgart.de/index.php?docid=349&mid=66,48.75789,9.15907
Marie Christiane Haug,Schlotterbeckstr. 4,,48.78354,9.24978
Bertha Hauser,Hohewartstr. 16,http://www.stolpersteine-stuttgart.de/index.php?docid=479&mid=66,48.8081932,9.1552993
Daniel Hauser,Corneliusstr. 4,http://www.stolpersteine-stuttgart.de/index.php?docid=451&mid=66,48.7465633,9.210678699999999
Gertrud Heilborn,Neue Weinsteige 12 A,http://www.stolpersteine-stuttgart.de/index.php?docid=594&mid=66,48.76541,9.17834
Lydia Heilborn,Neue Weinsteige 12 A,http://www.stolpersteine-stuttgart.de/index.php?docid=584&mid=66,48.76541,9.17834
Ella Heimberger,Wiederholdstr. 23,http://www.stolpersteine-stuttgart.de/index.php?docid=644&mid=66,48.78699,9.16797
Max Helfer,Uhlbacher Str. 88,http://www.stolpersteine-stuttgart.de/index.php?docid=513&mid=66,48.76796700000001,9.2703737
Ewald Hendel,Heinrich-Baumann-Str. 23,,48.7901296,9.199895
Luise Henle,Lenzhalde 42,http://www.stolpersteine-stuttgart.de/index.php?docid=279&mid=66,48.79044,9.15899
Mathilde Henle,Hohentwielstr. 146 B,http://www.stolpersteine-stuttgart.de/index.php?docid=613&mid=66,48.75910409999999,9.1488611
Max Henle,Hohentwielstr. 146 B,http://www.stolpersteine-stuttgart.de/index.php?docid=613&mid=66,48.75910409999999,9.1488611
Gertrud Henoch,Hauptmannsreute 17,http://www.stolpersteine-stuttgart.de/index.php?docid=486&mid=66,48.7881036,9.158112599999999
Klara Henoch,Hauptmannsreute 17,http://www.stolpersteine-stuttgart.de/index.php?docid=486&mid=66,48.7881036,9.158112599999999
Georg Henssler,Rotenbergstr. 60,http://www.stolpersteine-stuttgart.de/index.php?docid=827&mid=66,48.7865531,9.2037047
Barbara Johanna Herrmann,Martin-Luther-Str. 72,http://www.stolpersteine-cannstatt.de/node/168,48.8025,9.22484
Lilo Herrmann,Hölderlinstr. 22,http://www.stolpersteine-stuttgart.de/index.php?docid=391&mid=66,48.7850209,9.1625347
Henriette Herz,Hackstr. 7,http://www.stolpersteine-stuttgart.de/index.php?docid=568&mid=66,48.7894702,9.198758699999999
Karl Herz,Hackstr. 7,http://www.stolpersteine-stuttgart.de/index.php?docid=568&mid=66,48.7894702,9.198758699999999
Emma Heß,Sandbergerstr. 26,http://www.stolpersteine-stuttgart.de/index.php?docid=438&mid=66,48.7719801,9.195955999999999
Gella Hess,Falkertstr. 103,http://www.stolpersteine-stuttgart.de/index.php?docid=454&mid=66,48.784807,9.1599006
Salomon Hess,Falkertstr. 103,http://www.stolpersteine-stuttgart.de/index.php?docid=454&mid=66,48.784807,9.1599006
Hermann Hildinger,Solitudestr. 283,,48.81783,9.11558
Else Himmelheber,Adlerstr. 24,http://www.stolpersteine-stuttgart.de/index.php?docid=8&mid=66,48.7632516,9.1636056
Arthur Hirsch,Hospitalstr. 21B,http://www.stolpersteine-stuttgart.de/index.php?docid=532&mid=66,48.7768526,9.1722967
Cäsar Hirsch,Birkenwaldstr. 60,http://www.stolpersteine-stuttgart.de/index.php?docid=415&mid=66,48.78783,9.176359999999999
"Helmut ""Helle"" Hirsch",Seestr. 89,http://www.stolpersteine-stuttgart.de/index.php?docid=325&mid=66,48.78782,9.16495
Klara Hirsch,Seelbergstraße 16,http://www.stolpersteine-cannstatt.de/node/11,48.8024399,9.2187661
Martha Hirsch,Gähkopf 33,http://www.stolpersteine-stuttgart.de/index.php?docid=639&mid=66,48.7917599,9.162763100000001
Otto Hirsch,Gähkopf 33,http://www.stolpersteine-stuttgart.de/index.php?docid=639&mid=66,48.7917599,9.162763100000001
Hedwig Hirschfeld,Reinsburgstr. 107,http://www.stolpersteine-stuttgart.de/index.php?docid=673&mid=66,48.76781,9.15532
Anna Hochberger,Herdweg 116,http://www.stolpersteine-stuttgart.de/index.php?docid=652&mid=66,48.7862385,9.1532419
Marie Hock,Schmidener Straße 90,http://www.stolpersteine-cannstatt.de/node/138,48.8116905,9.226693599999999
Dr. Jakob Holzinger,Landhausstr. 181,http://www.stolpersteine-stuttgart.de/index.php?docid=129&mid=66,48.7859211,9.2083795
Selma Holzinger,Landhausstr. 181,http://www.stolpersteine-stuttgart.de/index.php?docid=129&mid=66,48.7859211,9.2083795
Karl Holzlehner,Talheimer Str. 11,http://www.stolpersteine-stuttgart.de/index.php?docid=475&mid=66,48.8345593,9.1873875
Grete Hordan,Auf der Altenburg 5,http://www.stolpersteine-cannstatt.de/node/152,48.81078369999999,9.2092014
Erika Horland,Gablenberger Hauptstr. 40,,48.77853,9.206719999999999
Hannelore Horland,Gablenberger Haupstr. 40,,48.77853,9.206719999999999
Otto Horland,Gablenberger Hauptstr. 40,,48.77853,9.206719999999999
David Horowitz,Neckarstr. 172,,48.790524,9.198174
Regina Horowitz,Neckarstr. 172,,48.790524,9.198174
Alice Horwitz,Rosenstr. 35,http://www.stolpersteine-stuttgart.de/index.php?docid=709&mid=66,48.77424,9.184339999999999
Margot Horwitz,Rosenstr. 35,http://www.stolpersteine-stuttgart.de/index.php?docid=709&mid=66,48.77424,9.184339999999999
Elise Maria Hörz,Martin Luther- Str. 26,http://www.stolpersteine-cannstatt.de/node/139,48.8057485,9.2235379
Anton Hummler,Bebelstr. 43/1,http://www.stolpersteine-stuttgart.de/index.php?docid=355&mid=66,48.7747785,9.1529501
Martine Husmann,Nauheimer Str. 42,http://www.stolpersteine-cannstatt.de/node/169,48.8065377,9.2217539
Karl Eugen Ikas,Martin-Luther-Str. 10,http://www.stolpersteine-cannstatt.de/node/170,48.8068011,9.223053799999999
Anna Inschir,Gerberstr. 30,http://www.stolpersteine-stuttgart.de/index.php?docid=903&mid=66,48.7702248,9.1744253
Markus Inschir,Gerberstr. 30,http://www.stolpersteine-stuttgart.de/index.php?docid=903&mid=66,48.7702248,9.1744253
Cilly Jablonsky,Olgastr. 124,,48.76642,9.17751
Wilhelm Friedrich Jäck,Zechweg 2,,48.7576,9.15959
Dr. Hans Jacobsohn,Pfizerstr. 19,http://www.stolpersteine-stuttgart.de/index.php?docid=522&mid=66,48.77428,9.19096
Fritz Jacobsohn,Pfizerstr. 19,http://www.stolpersteine-stuttgart.de/index.php?docid=522&mid=66,48.77428,9.19096
Luise Jacobsohn,Pfizerstr. 19,http://www.stolpersteine-stuttgart.de/index.php?docid=522&mid=66,48.77428,9.19096
Frieda Jaffé,Weimarstr. 31,http://www.stolpersteine-stuttgart.de/index.php?docid=230&mid=66,48.77641,9.16608
Hans Jaffé,Weimarstr. 31,http://www.stolpersteine-stuttgart.de/index.php?docid=230&mid=66,48.77641,9.16608
Hertha Jaffé,Weimarstr. 31,http://www.stolpersteine-stuttgart.de/index.php?docid=230&mid=66,48.77641,9.16608
Jakob Jaffé,Weimarstr. 31,http://www.stolpersteine-stuttgart.de/index.php?docid=230&mid=66,48.77641,9.16608
Konrad Jäger,Rotenbergstr. 116,http://www.stolpersteine-stuttgart.de/index.php?docid=878&mid=66,48.7875592,9.2103482
Dr. Benno Jakob,Werfmershalde 12,http://www.stolpersteine-stuttgart.de/index.php?docid=551&mid=66,48.78538,9.19516
Ida Jakob,Werfmershalde 12,http://www.stolpersteine-stuttgart.de/index.php?docid=551&mid=66,48.78538,9.19516
Rudolf Jehle,Ulmer Str. 316,http://www.stolpersteine-stuttgart.de/index.php?docid=514&mid=66,48.77376,9.240459999999999
Hortense Jeitteles,Gerokstr. 11B,,48.7779,9.19282
Wilhelm Jeitteles,Gerokstr. 11B,,48.7779,9.19282
Emil Joas,Adlerstr. 48,http://www.stolpersteine-stuttgart.de/index.php?docid=334&mid=66,48.76524,9.16218
Bertha Jordan,Daimlerstr. 58,http://www.stolpersteine-cannstatt.de/node/116,48.8026508,9.2195937
"Helene Luise ""Nelly"" Jordan",Augustenstr. 39A,http://www.stolpersteine-stuttgart.de/index.php?docid=408&mid=66,48.77108,9.16527
Jakob Jordan,Daimlerstr. 58,http://www.stolpersteine-cannstatt.de/node/116,48.8026508,9.2195937
Lisa Jordan,Augustenstr. 39A,http://www.stolpersteine-stuttgart.de/index.php?docid=408&mid=66,48.77108,9.16527
Else Josenhans,Carlos-Grethe-Weg 4,http://www.stolpersteine-stuttgart.de/index.php?docid=851&mid=66,48.7991178,9.1672757
Marie Justitz,Meistersingerstr. 21,http://www.stolpersteine-stuttgart.de/index.php?docid=122&mid=66,48.7528486,9.1705538
Mathilde Justitz,Reinsburgstr. 104,http://www.stolpersteine-stuttgart.de/index.php?docid=357&mid=66,48.7681716,9.1576375
Mathilde Sybille Justitz,Meistersingerstr. 21,http://www.stolpersteine-stuttgart.de/index.php?docid=122&mid=66,48.7528486,9.1705538
Otto Justitz,Meistersingerstr. 21,http://www.stolpersteine-stuttgart.de/index.php?docid=122&mid=66,48.7528486,9.1705538
Rudolf Justitz,Reinsburgstr. 104,http://www.stolpersteine-stuttgart.de/index.php?docid=357&mid=66,48.7681716,9.1576375
Wilhelm Robert Justitz,Meistersingerstr. 21,http://www.stolpersteine-stuttgart.de/index.php?docid=122&mid=66,48.7528486,9.1705538
Alfred Kahn,Hölderlinstr. 53,http://www.stolpersteine-stuttgart.de/index.php?docid=651&mid=66,48.7836468,9.1588823
Annemarie Kahn,Hölderlinstr. 53,http://www.stolpersteine-stuttgart.de/index.php?docid=651&mid=66,48.7836468,9.1588823
Else Kahn,Koppentalstr. 6,http://www.stolpersteine-stuttgart.de/index.php?docid=874&mid=66,48.7881,9.166269999999999
Erich Kahn,Koppentalstr. 6,http://www.stolpersteine-stuttgart.de/index.php?docid=874&mid=66,48.7881,9.166269999999999
Fanny Kahn,Seelbergstr. 1,http://www.stolpersteine-cannstatt.de/node/96,48.803052,9.2177818
Flora Kahn,Seelbergstr. 1,http://www.stolpersteine-cannstatt.de/node/96,48.803052,9.2177818
Hermine Kahn,Seelbergstr. 1,http://www.stolpersteine-cannstatt.de/node/96,48.803052,9.2177818
Hilde Kahn,Stitzenburgstr. 17,http://www.stolpersteine-stuttgart.de/index.php?docid=121&mid=66,48.76985209999999,9.1844225
Hilde Kahn,Seelbergstr. 1,http://www.stolpersteine-cannstatt.de/node/96,48.803052,9.2177818
Louis Kahn,Gymnasiumstr. 18B,http://www.stolpersteine-stuttgart.de/index.php?docid=529&mid=66,48.67170000000001,9.2171988
Max Kahn,Stitzenburgstr. 17,http://www.stolpersteine-stuttgart.de/index.php?docid=121&mid=66,48.76985209999999,9.1844225
Paul Kahn,Hauptmannsreute 10,http://www.stolpersteine-stuttgart.de/index.php?docid=187&mid=66,48.78884,9.15874
Trude Kahn,Hölderlinstr. 53,http://www.stolpersteine-stuttgart.de/index.php?docid=651&mid=66,48.7836468,9.1588823
Klara Lilli Kalmbach,Tübinger Str. 41,http://www.stolpersteine-stuttgart.de/index.php?docid=745&mid=66,48.7705006,9.1727707
Helene Kapp,Gablenberger Hauptstr. 34,,48.778783,9.207190899999999
Katharina Karanowa,Schockenriedstraße 1-11,,48.7268,9.119869999999999
Franz Karpe,Seestr. 64,http://www.stolpersteine-stuttgart.de/index.php?docid=707&mid=66,48.78578,9.17004
Frieda Karpe,Seestr. 64,http://www.stolpersteine-stuttgart.de/index.php?docid=707&mid=66,48.78578,9.17004
Anna Karpeles,Elsaweg 33,http://www.stolpersteine-stuttgart.de/index.php?docid=712&mid=66,48.7525275,9.1686795
Dr. Sigmund Karpeles,Elsaweg 33,http://www.stolpersteine-stuttgart.de/index.php?docid=712&mid=66,48.7525275,9.1686795
Lazarus Karschinierow,Neckarstr. 150,http://www.stolpersteine-stuttgart.de/index.php?docid=502&mid=66,48.7887475,9.1950222
Albert Katz,Blumenstr. 27,http://www.stolpersteine-stuttgart.de/index.php?docid=499&mid=66,48.77455,9.18787
Dr. Eugen Kauffmann,Daimlerstr. 44,http://www.stolpersteine-cannstatt.de/node/117,48.8040526,9.2191403
Elsa Kauffmann,Daimlerstr. 44,http://www.stolpersteine-cannstatt.de/node/117,48.8040526,9.2191403
Alfred Kaufmann,Hallstr. 28,http://www.stolpersteine-cannstatt.de/node/32,48.80792719999999,9.2101831
Benedikt Kaufmann,Hermannstr. 16,http://www.stolpersteine-stuttgart.de/index.php?docid=252&mid=66,48.77194,9.16579
Frieda Kaufmann,Hermannstr. 16,http://www.stolpersteine-stuttgart.de/index.php?docid=252&mid=66,48.77194,9.16579
Isaak Kaufmann,Haller Str. 28,http://www.stolpersteine-cannstatt.de/node/154,48.8887647,9.2241041
Johanna Kaufmann,Wiesbadener Str. 19,http://www.stolpersteine-cannstatt.de/node/18,48.8057105,9.2216345
Karl Kaufmann,Straußweg 41,,48.77616,9.20084
Karoline Kaufmann,Hallstr. 28,http://www.stolpersteine-cannstatt.de/node/32,48.80792719999999,9.2101831
Klara Kaufmann,Wiesbadener Str. 19,http://www.stolpersteine-cannstatt.de/node/18,48.8057105,9.2216345
Rosl Kaufmann,Hallstr. 28,http://www.stolpersteine-cannstatt.de/node/32,48.80792719999999,9.2101831
Ella Kessler-Reis,Waldstr. 4,http://www.stolpersteine-stuttgart.de/index.php?docid=721&mid=66,48.75044,9.177349999999999
Louise Kirschbaum,Lange Str. 53,http://www.stolpersteine-stuttgart.de/index.php?docid=531&mid=66,48.7777886,9.1695158
Sofie Klenk,Manfredstr. 17,http://www.stolpersteine-stuttgart.de/index.php?docid=315&mid=66,48.79374,9.2636
Agnes Klett,Röntgenstr. 28,,48.7898857,9.2139544
Heinz Kling,Neckartalstr. 145,http://www.stolpersteine-cannstatt.de/node/161,48.8114813,9.2163912
Johann Kling,Reinhold-Brändle-Weg 8,http://www.stolpersteine-stuttgart.de/index.php?docid=237&mid=66,48.8348017,9.1815847
Johanna Kling,Reinhold-Brändle-Weg 8,http://www.stolpersteine-stuttgart.de/index.php?docid=237&mid=66,48.8348017,9.1815847
Josef Kling,Neckartalstr. 145,http://www.stolpersteine-cannstatt.de/node/161,48.8114813,9.2163912
Marta Kling,Reinhold-Brändle-Weg 8,http://www.stolpersteine-stuttgart.de/index.php?docid=237&mid=66,48.8348017,9.1815847
Friedrich Klotz,Gablenberger Hauptstr. 129,,48.77435,9.20341
Adolf Klumpp,Hohenheimer Str. 50A,http://www.stolpersteine-stuttgart.de/index.php?docid=663&mid=66,48.76985,9.18578
Ernst Köhler,Schwanenstr. 1,http://www.stolpersteine-stuttgart.de/index.php?docid=222&mid=66,48.7559897,9.2572782
Luise Kohler,Klagenfurter Str. 11,,48.80773,9.160029999999999
Anny Kohn,Kolbstr. 4C,http://www.stolpersteine-stuttgart.de/index.php?docid=494&mid=66,48.7650949,9.1692811
Paula Kohn,Kolbstr. 4C,http://www.stolpersteine-stuttgart.de/index.php?docid=494&mid=66,48.7650949,9.1692811
Wilhelm Kohn,Kolbstr. 4C,http://www.stolpersteine-stuttgart.de/index.php?docid=494&mid=66,48.7650949,9.1692811
Erich Kohnert,Wunderlichstr. 13,,48.79103079999999,9.213737
Karoline Kömpf,Klagenfurter Str. 12,,48.807909,9.159963099999999
Margarete Königshöfer,Hohenheimer Str. 67,http://www.stolpersteine-stuttgart.de/index.php?docid=614&mid=66,48.769063,9.185589
Jakob Kraus,Klagenfurter Str. 11,http://www.stolpersteine-stuttgart.de/index.php?docid=244&mid=66,48.80773,9.160029999999999
Karl Krauss,Friedhofstr. 18,http://www.stolpersteine-stuttgart.de/index.php?docid=777&mid=66,48.6696643,9.1734064
Josefine Kroner,Lindenspürstr. 30,http://www.stolpersteine-stuttgart.de/index.php?docid=253&mid=66,48.77784,9.15934
Albert Karl Kurz,Badergasse 6,http://www.stolpersteine-cannstatt.de/node/98,48.8039554,9.2147695
Otto Kurz,Badergasse 6,http://www.stolpersteine-cannstatt.de/node/98,48.8039554,9.2147695
Sonja Kurz,Badergasse 6,http://www.stolpersteine-cannstatt.de/node/98,48.8039554,9.2147695
Thomas Kurz,Badergasse 6,http://www.stolpersteine-cannstatt.de/node/98,48.8039554,9.2147695
Margarete Kusterer,Tunzhofer Str.  21,http://www.stolpersteine-stuttgart.de/index.php?docid=803&mid=66,48.7918357,9.1784745
Adolf Laemle,Bismarckstr. 77,http://www.stolpersteine-stuttgart.de/index.php?docid=697&mid=66,48.7714,9.15194
Ella Laemle,Bismarckstr. 77,http://www.stolpersteine-stuttgart.de/index.php?docid=697&mid=66,48.7714,9.15194
Ottilie Lahnstein,Am Kräherwald 271,http://www.stolpersteine-stuttgart.de/index.php?docid=356&mid=66,48.7783322,9.137868899999999
Mina Lämle,Neue Weinsteige 65,http://www.stolpersteine-stuttgart.de/index.php?docid=493&mid=66,48.76359000000001,9.181750000000001
Elsa 'Erika' Landsberger,Dillmannstr. 19,,48.7846637,9.1585422
Hans Eugen Lang,Pliensäckerstr.  6,,48.83429719999999,9.1822295
Lotti Laser,Josef-Hirn-Platz 6,http://www.stolpersteine-stuttgart.de/index.php?docid=450&mid=66,48.77263,9.17681
Adolf Laupheimer,Olgastr. 109,http://www.stolpersteine-stuttgart.de/index.php?docid=847&mid=66,48.76711,9.17881
Manfred Laupheimer,Olgastr. 109,http://www.stolpersteine-stuttgart.de/index.php?docid=847&mid=66,48.76711,9.17881
Milly Laupheimer,Olgastr.  109,http://www.stolpersteine-stuttgart.de/index.php?docid=847&mid=66,48.76711,9.17881
Edith Lax,Tulpenstr. 14,http://www.stolpersteine-stuttgart.de/index.php?docid=105&mid=66,48.76298999999999,9.177466299999999
Ruth Lax,Tulpenstr. 14,http://www.stolpersteine-stuttgart.de/index.php?docid=105&mid=66,48.76298999999999,9.177466299999999
Gertrud Lazarus,Seestr. 114,http://www.stolpersteine-stuttgart.de/index.php?docid=387&mid=66,48.7886384,9.164544099999999
Hilde Lederer,Böblinger Str. 45,,48.7632081,9.162474699999999
Jakob Lederer,Böblinger Str. 45,,48.7632081,9.162474699999999
Blume Lehrmann,Christophstr. 41,http://www.stolpersteine-stuttgart.de/index.php?docid=617&mid=66,48.7695155,9.1794006
Chaim Lehrmann,Christophstr. 41,http://www.stolpersteine-stuttgart.de/index.php?docid=617&mid=66,48.7695155,9.1794006
Clara Lehrs,Schellbergstr. 20,http://www.stolpersteine-stuttgart.de/index.php?docid=511&mid=66,48.78343,9.19822
Eduard Leiter,Katharinenstr. 35,http://www.stolpersteine-stuttgart.de/index.php?docid=521&mid=66,48.77294,9.18283
Ernestine Leiter,Katharinenstr. 35,http://www.stolpersteine-stuttgart.de/index.php?docid=521&mid=66,48.77294,9.18283
August Leitz,Vaihinger Markt 12,http://www.stolpersteine-stuttgart.de/index.php?docid=725&mid=66,48.73087289999999,9.1098941
Maria Lemmé,Ahornstr. 52,http://www.stolpersteine-stuttgart.de/index.php?docid=713&mid=66,48.75019169999999,9.1828668
Luise Lepman,Gerokstraße 70,,48.7726554,9.1969917
Albert Levi,Hermannstr. 16,http://www.stolpersteine-stuttgart.de/index.php?docid=254&mid=66,48.77194,9.16579
Albert Levi,Alexanderstr. 81,http://www.stolpersteine-stuttgart.de/index.php?docid=633&mid=66,48.77117,9.1839
Auguste Levi,Alexanderstr. 81,http://www.stolpersteine-stuttgart.de/index.php?docid=633&mid=66,48.77117,9.1839
Cilli Levi,Seestr. 95,http://www.stolpersteine-stuttgart.de/index.php?docid=892&mid=66,48.78801,9.1645
Emilie Levi,Liebenzeller Str. 8,http://www.stolpersteine-cannstatt.de/node/10,48.805429,9.2176797
Erich Levi,Alexanderstr. 81,http://www.stolpersteine-stuttgart.de/index.php?docid=633&mid=66,48.77117,9.1839
Hannah Levi,Alexanderstr. 81,http://www.stolpersteine-stuttgart.de/index.php?docid=616&mid=66,48.77117,9.1839
Hermine Levi,Breitlingstr. 33,,48.7734,9.19676
Julie Levi,Liebenzeller Str. 8,http://www.stolpersteine-cannstatt.de/portraits/emilie-und-julie-levi-entlassen-evakuiert-deportiert,48.805429,9.2176797
Klara Levi,Urbanstr. 66,http://www.stolpersteine-stuttgart.de/index.php?docid=695&mid=66,48.781659,9.1891537
Ludwig Levi,Leuschnerstr. 47,http://www.stolpersteine-stuttgart.de/index.php?docid=457&mid=66,48.77615,9.164729999999999
Martha Levi,Lange Str. 12B,http://www.stolpersteine-stuttgart.de/index.php?docid=696&mid=66,48.78926,9.33892
Rosa Levi,Alexanderstr. 81,http://www.stolpersteine-stuttgart.de/index.php?docid=616&mid=66,48.77117,9.1839
Rudolf Levi,Breitlingstr. 33,,48.7734,9.19676
Sofie Levi,Alexanderstr. 81,http://www.stolpersteine-stuttgart.de/index.php?docid=616&mid=66,48.77117,9.1839
Walter Levi,Alexanderstr. 81,http://www.stolpersteine-stuttgart.de/index.php?docid=616&mid=66,48.77117,9.1839
Werner Levi,Alexanderstr. 81,http://www.stolpersteine-stuttgart.de/index.php?docid=616&mid=66,48.77117,9.1839
Erwin Levison,Löwentorstr. 36,http://www.stolpersteine-stuttgart.de/index.php?docid=706&mid=66,48.8067972,9.188655899999999
Martha Levison,Löwentorstr. 36,http://www.stolpersteine-stuttgart.de/index.php?docid=706&mid=66,48.8067972,9.188655899999999
Klara Levy,Hangleiterstr. 33,http://www.stolpersteine-stuttgart.de/index.php?docid=850&mid=66,48.7889096,9.1766198
Mathilde Levy,Bardiliweg 12,,48.77055,9.199679999999999
Adolf Lewinnek,Olgastr. 121,,48.76642930000001,9.1780711
Lina Lewinnek,Olgastr. 121,,48.76642930000001,9.1780711
Gerda Lewinsky,Kolbstr. 4C,http://www.stolpersteine-stuttgart.de/index.php?docid=494&mid=66,48.7650949,9.1692811
Cecilie Lewinsohn,Danneckerstr. 34,http://www.stolpersteine-stuttgart.de/index.php?docid=619&mid=66,48.7705499,9.1837599
Anna Lichter,Lenzhalde 61,http://www.stolpersteine-stuttgart.de/index.php?docid=749&mid=66,48.78891,9.15744
Wilhelm Lichter,Lenzhalde 61,http://www.stolpersteine-stuttgart.de/index.php?docid=749&mid=66,48.78891,9.15744
Anne Lieblich,Schickstr. 8,http://www.stolpersteine-stuttgart.de/index.php?docid=392&mid=66,48.76919909999999,9.1840837
Leon Lieblich,Schickstr. 8,http://www.stolpersteine-stuttgart.de/index.php?docid=392&mid=66,48.76919909999999,9.1840837
Elisabeth Lindauer,Marienstr. 25,http://www.stolpersteine-stuttgart.de/index.php?docid=490&mid=66,48.7715142,9.1712568
Julius Lindauer,Klopstockstr. 57,http://www.stolpersteine-stuttgart.de/index.php?docid=682&mid=66,48.7769286,9.1492157
Mina Lindauer,Klopstockstr. 57,http://www.stolpersteine-stuttgart.de/index.php?docid=681&mid=66,48.7769286,9.1492157
Moritz Lindauer,Marienstr. 25,http://www.stolpersteine-stuttgart.de/index.php?docid=490&mid=66,48.7715142,9.1712568
Rosa Lindauer,Taubenheimstr. 8,http://www.stolpersteine-cannstatt.de/node/145,48.8077024,9.223466799999999
Paula Lindenfeld,Widdumhofstr. 34,,48.81276,9.11031
Sigmund Lindenfeld,Widdumhofstr. 34,,48.81276,9.11031
Moritz Litowsky,Wagenburgstr. 135,http://www.stolpersteine-stuttgart.de/index.php?docid=542&mid=66,48.7812377,9.2063571
"Laura Diana ""Lolo"" Loeb",Hohenzollernstr. 12,http://www.stolpersteine-stuttgart.de/index.php?docid=326&mid=66,48.76564,9.16456
Martin Loeb,Hohenzollernstr. 12,http://www.stolpersteine-stuttgart.de/index.php?docid=326&mid=66,48.76564,9.16456
Dr. Emil Loewe,Liebenzeller Straße 8,http://www.stolpersteine-cannstatt.de/node/34,48.805429,9.2176797
Gerhard Loewe,Kreuznacher Straße 4,http://www.stolpersteine-cannstatt.de/node/31,48.8070605,9.220096
Martha Lomnitz,Immenhoferstr. 30A,http://www.stolpersteine-stuttgart.de/index.php?docid=322&mid=66,48.76459999999999,9.176169999999999
Wolf Lomnitz,Immenhoferstr. 30A,http://www.stolpersteine-stuttgart.de/index.php?docid=322&mid=66,48.76459999999999,9.176169999999999
Isidor Löwenstein,Wilhelmstr 14,http://www.stolpersteine-stuttgart.de/index.php?docid=754&mid=66,48.80509,9.2172
Lore Löwenstein,Wilhelmstr 14,http://www.stolpersteine-stuttgart.de/index.php?docid=754&mid=66,48.80509,9.2172
Richard Löwenstein,Traubergstr. 15,,48.7710738,9.1977501
Fanny Löwenthal,Hegelstr. 62,http://www.stolpersteine-stuttgart.de/index.php?docid=865&mid=66,48.85989,9.247489999999999
Hedwig Löwenthal,Theobald-Kerner-Str. 7,,48.80323,9.212380000000001
Käthe Löwenthal,Ameisenbergstr. 32,http://www.stolpersteine-stuttgart.de/index.php?docid=131&mid=66,48.78403,9.19831
Max Löwenthal,Theobold-Kerner-Str. 7,,48.80323,9.212380000000001
Helene Löwy,Haußmannstr. 6,http://www.stolpersteine-stuttgart.de/index.php?docid=693&mid=66,48.77864,9.19104
Anna Lutz,Helfergasse 27,http://www.stolpersteine-cannstatt.de/node/119,48.8057053,9.2155079
Gertrud Lutz,Auf dem Haigst 6,http://www.stolpersteine-stuttgart.de/index.php?docid=718&mid=66,48.75769,9.1685999
Hedwig Lutz,Farrenstraße 21,,48.77345,9.20155
Emma Maas,Kienestr. 39,http://www.stolpersteine-stuttgart.de/index.php?docid=485&mid=66,48.7796139,9.1722203
Jette Maas,Weißenburgstr. 2 B,http://www.stolpersteine-stuttgart.de/index.php?docid=734&mid=66,48.7690544,9.1746511
Simon Maas,Weißenburgstr. 2 B,http://www.stolpersteine-stuttgart.de/index.php?docid=734&mid=66,48.7690544,9.1746511
Dr. Robert Mainzer,Wannenstr. 16,http://www.stolpersteine-stuttgart.de/index.php?docid=52&mid=66,48.76623,9.1593
Helene Mainzer,Wannenstr. 16,http://www.stolpersteine-stuttgart.de/index.php?docid=52&mid=66,48.76623,9.1593
Albert Mainzer Dr.,Sonnenbergstr. 33,http://www.stolpersteine-stuttgart.de/index.php?docid=83&mid=66,48.76874,9.18993
Pauline Mall,Klagenfurter Straße 39,,48.8096283,9.1577741
Else Mandelbrod,Sophienstr. 33,http://www.stolpersteine-stuttgart.de/index.php?docid=465&mid=66,48.7726793,9.172971
Lieselotte Mandelbrod,Sophienstr. 33,http://www.stolpersteine-stuttgart.de/index.php?docid=465&mid=66,48.7726793,9.172971
Siegfried Mandelbrod,Sophienstr. 33,http://www.stolpersteine-stuttgart.de/index.php?docid=465&mid=66,48.7726793,9.172971
Clothilde Mannheimer,Königstr. 60,http://www.stolpersteine-stuttgart.de/index.php?docid=462&mid=66,48.7749235,9.1745538
Hermann Mannheimer,Kegelenstr. 1,http://www.stolpersteine-cannstatt.de/node/120,48.79994000000001,9.21524
Jakob Mannheimer,Königstr. 60,http://www.stolpersteine-stuttgart.de/index.php?docid=462&mid=66,48.7749235,9.1745538
Laura Marcus,Alexanderstr. 180,http://www.stolpersteine-stuttgart.de/index.php?docid=489&mid=66,48.7641,9.17672
Emil Markus,Olgastr. 61,http://www.stolpersteine-stuttgart.de/index.php?docid=114&mid=66,48.77197,9.18355
Babette Marx,Seelbergstraße 7,http://www.stolpersteine-cannstatt.de/node/36,48.80303,9.218169999999999
Walter Marx,Gerberstr.  31,http://www.stolpersteine-stuttgart.de/index.php?docid=904&mid=66,48.7702248,9.1744253
Adolf Maybach,Freiligrathstraße 9,http://www.stolpersteine-cannstatt.de/node/164,48.8062,9.228
Else Mayer,Blumenstr. 2,http://www.stolpersteine-stuttgart.de/index.php?docid=881&mid=66,48.8028323,9.0827754
Ferdinand Mayer,Emser Straße 16,http://www.stolpersteine-cannstatt.de/node/140,48.80377,9.22354
Georg Mayer,Hölderlinstr. 35,http://www.stolpersteine-stuttgart.de/index.php?docid=278&mid=66,48.7846132,9.1614772
Hermann Mayer,Helfergasse 10,,48.8055938,9.21567
Hermine Mayer,Arminstr. 38,http://www.stolpersteine-stuttgart.de/index.php?docid=51&mid=66,48.76450999999999,9.16437
Klara Mayer,Lindenspürstr. 30,http://www.stolpersteine-stuttgart.de/index.php?docid=255&mid=66,48.77784,9.15934
Kornelia Mayer,Seestr. 112,http://www.stolpersteine-stuttgart.de/index.php?docid=388&mid=66,48.7883,9.164539999999999
Lucie Mayer,Seestr. 112,http://www.stolpersteine-stuttgart.de/index.php?docid=388&mid=66,48.7883,9.164539999999999
Max Mayer,Tübinger Str. 70,http://www.stolpersteine-stuttgart.de/index.php?docid=333&mid=66,48.76643,9.169380000000002
Paul Mayer,Lindenspürstr. 30,http://www.stolpersteine-stuttgart.de/index.php?docid=255&mid=66,48.77784,9.15934
Rosalie Mayer,Hölderlinstr. 35,http://www.stolpersteine-stuttgart.de/index.php?docid=278&mid=66,48.7846132,9.1614772
Sigmund Mayer,Blumenstr. 2,http://www.stolpersteine-stuttgart.de/index.php?docid=881&mid=66,48.8028323,9.0827754
Sofie Mayer,Tübinger Str. 70,http://www.stolpersteine-stuttgart.de/index.php?docid=333&mid=66,48.76643,9.169380000000002
Susanne  Mayer,Emser Straße 16,http://www.stolpersteine-cannstatt.de/node/140,48.80377,9.22354
Otto Mebert,Hagbergstr. 31,,48.7818761,9.2182534
Elsa Megerle,Hohewartstr. 26,,48.80784,9.15416
Wilhelm Merk,Bachstr. 22,,48.7313953,9.106511099999999
Alfred Karl Mertz,Duisburger Str. 46,http://www.stolpersteine-cannstatt.de/node/149,48.8091326,9.213663799999999
Abraham Metzger,Hauptstätterstr. 132,http://www.stolpersteine-stuttgart.de/index.php?docid=308&mid=66,48.76636,9.170639999999999
Berta Metzger,Hauptstätterstr. 132,http://www.stolpersteine-stuttgart.de/index.php?docid=308&mid=66,48.76636,9.170639999999999
Gerda Metzger,Türlenstr. 22,http://www.stolpersteine-stuttgart.de/index.php?docid=820&mid=66,48.7916,9.17895
Fritz-Jacob Meyer,Arminstr. 15,http://www.stolpersteine-stuttgart.de/index.php?docid=743&mid=66,48.76473,9.166559999999999
Gertrud-Dina Meyer,Arminstr. 15,http://www.stolpersteine-stuttgart.de/index.php?docid=743&mid=66,48.76473,9.166559999999999
Ilse-Sophie Meyer,Arminstr. 15,http://www.stolpersteine-stuttgart.de/index.php?docid=743&mid=66,48.76473,9.166559999999999
Lore-Mina Meyer,Arminstr. 15,http://www.stolpersteine-stuttgart.de/index.php?docid=743&mid=66,48.76473,9.166559999999999
Senta Meyer,Arminstr. 15,http://www.stolpersteine-stuttgart.de/index.php?docid=743&mid=66,48.76473,9.166559999999999
Siegfried Michelbacher,Hauptstätterstr. 92,http://www.stolpersteine-stuttgart.de/index.php?docid=792&mid=66,48.7687895,9.1733587
Karl Albert Motzer,Kornwestheimer Str. 52,,48.84912,9.16136
Marie Regina Freifrau von Mühlen,Gänsheidestr. 51,,48.7724339,9.195088
Adolf Fritz Müller,Kapfenburgstraße 23,,48.8060594,9.1558695
Karl Munder,Badstr. 60,http://www.stolpersteine-cannstatt.de/node/126,48.80571339999999,9.212658099999999
Willy Mundinger,Niedernauer Str. 12,http://www.stolpersteine-cannstatt.de/node/190,48.8113713,9.2225856
Bernhard Muniches,Liststr. 3,http://www.stolpersteine-stuttgart.de/index.php?docid=488&mid=66,48.72849,9.127469999999999
Klara Muniches,Liststr. 3,http://www.stolpersteine-stuttgart.de/index.php?docid=488&mid=66,48.72849,9.127469999999999
Rudolf Muniches,Liststr. 3,http://www.stolpersteine-stuttgart.de/index.php?docid=488&mid=66,48.72849,9.127469999999999
Martha Münzesheimer,Wiederholdstr. 20,http://www.stolpersteine-stuttgart.de/index.php?docid=641&mid=66,48.78698,9.168429999999999
Emil Nachmann,Albert-Schäffle-Str. 105,http://www.stolpersteine-stuttgart.de/index.php?docid=543&mid=66,48.76936,9.198839999999999
Hannchen Nachmann,Albert-Schäffle-Str. 105,http://www.stolpersteine-stuttgart.de/index.php?docid=543&mid=66,48.76936,9.198839999999999
Hermine Nachmann,Traubergstr. 15,,48.7710738,9.1977501
Lydia Nagel,Martin-Luther-Str. 10,http://www.stolpersteine-cannstatt.de/node/122,48.8068011,9.223053799999999
Alfred Neu,Wörishofener Straße 33,http://www.stolpersteine-cannstatt.de/node/94,48.8006106,9.228390899999999
Margarete Neuberg,Libanonstr. 92,,48.77861,9.205499999999999
Margarethe Neuberg,Stöckachstr. 1,http://www.stolpersteine-stuttgart.de/index.php?docid=802&mid=66,48.7895796,9.1975724
Hedwig Neuhäuser,Rosenbergstr.  149,http://www.stolpersteine-stuttgart.de/index.php?docid=702&mid=66,48.7760227,9.149000599999999
Meta Neumann,Hackländerstr. 29,http://www.stolpersteine-stuttgart.de/index.php?docid=134&mid=66,48.77493,9.19741
Nathan Neumann,Hackstr. 7,http://www.stolpersteine-stuttgart.de/index.php?docid=242&mid=66,48.7894702,9.198758699999999
Rosine Nieden,Besigheimer Str. 33,http://www.stolpersteine-stuttgart.de/index.php?docid=780&mid=66,48.83342820000001,9.1722392
Julius Noppel,Kirchtalstr. 6,,48.83291759999999,9.1698863
Helene Nördlinger,Hölderlinstr. 7,http://www.stolpersteine-stuttgart.de/index.php?docid=413&mid=66,48.7848851,9.1645839
Helene Odenheimer,Stitzenburgstr. 5B,http://www.stolpersteine-stuttgart.de/index.php?docid=615&mid=66,48.77059999999999,9.18535
Ludwig Odenheimer,Stitzenburgstr. 5B,http://www.stolpersteine-stuttgart.de/index.php?docid=615&mid=66,48.77059999999999,9.18535
Antonie Oesterreicher,Birkenwaldstr. 105,http://www.stolpersteine-stuttgart.de/index.php?docid=876&mid=66,48.79006,9.1724
Paul Oesterreicher,Birkenwaldstr.  105,http://www.stolpersteine-stuttgart.de/index.php?docid=876&mid=66,48.79006,9.1724
Franziska Oppenheim,Dillmannstr. 19,,48.7846637,9.1585422
Ignatz Oppenheim,Eberhardstr. 2,http://www.stolpersteine-stuttgart.de/index.php?docid=654&mid=66,48.77439890000001,9.1793022
Lothar Oppenheim,Eberhardstr. 2,http://www.stolpersteine-stuttgart.de/index.php?docid=654&mid=66,48.77439890000001,9.1793022
Melanie Oppenheim,Eberhardstr. 2,http://www.stolpersteine-stuttgart.de/index.php?docid=654&mid=66,48.77439890000001,9.1793022
Emilie Oppenheimer,Daimlerstr. 56,http://www.stolpersteine-cannstatt.de/node/114,48.80285,9.219529999999999
Karl Oppenheimer,Daimlerstr. 56,http://www.stolpersteine-cannstatt.de/node/114,48.80285,9.219529999999999
Meta Oppenheimer,Libanonstr. 31,http://www.stolpersteine-stuttgart.de/index.php?docid=546&mid=66,48.77947,9.19953
Moses Oppenheimer,Griesinger Weg 9,http://www.stolpersteine-stuttgart.de/index.php?docid=547&mid=66,48.79092,9.21213
Henriette Hilda Ostertag,Relenbergstr. 74,http://www.stolpersteine-stuttgart.de/index.php?docid=822&mid=66,48.78731,9.16376
Irma Ostertag,Lange Str. 53,http://www.stolpersteine-stuttgart.de/index.php?docid=531&mid=66,48.7777886,9.1695158
Lore Ostertag,Lange Str. 53,http://www.stolpersteine-stuttgart.de/index.php?docid=531&mid=66,48.7777886,9.1695158
Henriette Ottenheimer,Rosenstr. 35,http://www.stolpersteine-stuttgart.de/index.php?docid=709&mid=66,48.77424,9.184339999999999
Josef Ottenheimer,Danneckerstr. 12,http://www.stolpersteine-stuttgart.de/index.php?docid=618&mid=66,48.77217,9.18587
Mina Ottenheimer,Danneckerstr. 12,http://www.stolpersteine-stuttgart.de/index.php?docid=618&mid=66,48.77217,9.18587
Eugen Peisak,Marktplatz 19,http://www.stolpersteine-stuttgart.de/index.php?docid=447&mid=66,48.7752925,9.1789092
Hedwig Peritz,Schurwaldstr. 53,,48.7821773,9.2172513
Irma Peritz,Schurwaldstr. 53,,48.7821773,9.2172513
Klara Peritz,Schurwaldstr. 53,,48.7821773,9.2172513
Hermann Pflichthofer,Wiesbadener Str. 10,http://www.stolpersteine-cannstatt.de/node/166,48.8052775,9.2203872
Karl Pflomm,Am Kochenhof 59,,48.7982117,9.1671762
Emma Pick,Augustenstr. 39B,http://www.stolpersteine-stuttgart.de/index.php?docid=406&mid=66,48.77103,9.16508
Paul Pick,Augustenstr. 39B,http://www.stolpersteine-stuttgart.de/index.php?docid=406&mid=66,48.77103,9.16508
Heinrich Pincus,Himmerreichstr. 2,http://www.stolpersteine-stuttgart.de/index.php?docid=505&mid=66,48.778395,9.1245351
Eugen Plappert,Reichenbachstraße 38,http://www.stolpersteine-cannstatt.de/node/121,48.798483,9.22415
Esther Pomeranz,Hauptstätterstr. 86a,http://www.stolpersteine-stuttgart.de/index.php?docid=791&mid=66,48.769264,9.1741101
Israel Isidor Pomeranz,Hauptstätterstr. 86a,http://www.stolpersteine-stuttgart.de/index.php?docid=791&mid=66,48.769264,9.1741101
Jakob Preuß,Gablenberger Hauptstr. 29,http://www.stolpersteine-stuttgart.de/index.php?docid=132&mid=66,48.77888,9.20745
Ernst Rau,Friesenstr. 15,http://www.stolpersteine-stuttgart.de/index.php?docid=781&mid=66,48.8289937,9.1728551
Berta Rauner,Leuschnerstr. 51,http://www.stolpersteine-stuttgart.de/index.php?docid=139&mid=66,48.77581000000001,9.16345
Robert Rebmann,Katzenbachstr.  50,,48.73273,9.10738
Dr. Ernst Reichenberger,König-Karl-Straße 24,http://www.stolpersteine-cannstatt.de/node/3,48.8062565,9.220048100000001
Berta Reif,Libanonstr. 3,,48.7784459,9.194942000000001
Marie Reif,Eduard-Pfeiffer-Str. 107,http://www.stolpersteine-stuttgart.de/index.php?docid=737&mid=66,48.78911,9.17182
Adele Jolanta Reinhardt,Stuttgarter Str. 114,,48.8089052,9.1572554
Albert Reinhardt,Reinhold-Brändle-Weg 8,http://www.stolpersteine-stuttgart.de/index.php?docid=237&mid=66,48.8348017,9.1815847
August Reinhardt,Neckartalstraße 145,http://www.stolpersteine-cannstatt.de/node/159,48.8114813,9.2163912
August Reinhardt,Reinhold-Brändle-Weg 8,http://www.stolpersteine-stuttgart.de/index.php?docid=237&mid=66,48.8348017,9.1815847
Franz Reinhardt,Stuttgarter Str. 114,,48.8089052,9.1572554
Friederike Reinhardt,Neckartalstr. 145,http://www.stolpersteine-cannstatt.de/node/158,48.8114813,9.2163912
Friederike Reinhardt,Büsnauer Str. 260,http://www.stolpersteine-stuttgart.de/index.php?docid=416&mid=66,48.75248,9.08386
Heinz Reinhardt,Neckartalstr. 145,,48.8114813,9.2163912
Johann Reinhardt,Neckartalstr. 145,http://www.stolpersteine-cannstatt.de/node/157,48.8114813,9.2163912
Johanna Reinhardt,Stuttgarter Str. 114,,48.8089052,9.1572554
Johannes Reinhardt,Düsseldorfer Str. 59,http://www.stolpersteine-cannstatt.de/node/156,48.8162995,9.210521
Josef Reinhardt,Neckartalstr. 145,,48.8114813,9.2163912
Julietta Reinhardt,Stuttgarter Str. 114,,48.8089052,9.1572554
Maria Reinhardt,Auf der Steig 108,http://www.stolpersteine-cannstatt.de/node/160,48.81858159999999,9.212953700000002
Marie-Adelheid Reinhardt,Stuttgarter Str. 114,,48.8089052,9.1572554
Roswitha Reinhardt,Stuttgarter Str. 114,,48.8089052,9.1572554
Rudi Reinhardt,Stuttgarter Str. 114,,48.8089052,9.1572554
Willy Friedrich Reinhardt,Ruhrstr. 39,,48.80283,9.23465
Bertha Reis,Rosenbergstr. 149,http://www.stolpersteine-stuttgart.de/index.php?docid=703&mid=66,48.7760227,9.149000599999999
Anna Reiss,Theodor-Heuss-Str. 5,http://www.stolpersteine-stuttgart.de/index.php?docid=527&mid=66,48.7775287,9.174844499999999
Dr. Moritz Reiss,Theodor-Heuss-Str. 5,http://www.stolpersteine-stuttgart.de/index.php?docid=527&mid=66,48.7775287,9.174844499999999
Klara Luise Renz,Haldenstraße 8,http://www.stolpersteine-cannstatt.de/node/115,48.80854919999999,9.2063838
Wilhelm Renz,Bussenstr. 47,,48.77871,9.20093
Heinrich Rexer,Furtwänglerstr. 18,http://www.stolpersteine-stuttgart.de/index.php?docid=708&mid=66,48.77984499999999,9.1261044
Maria Rexer,Furtwänglerstr. 18,http://www.stolpersteine-stuttgart.de/index.php?docid=708&mid=66,48.77984499999999,9.1261044
Heinrich Richheimer,Leuschnerstr. 48B,,48.77605,9.16347
Arthur Richnowsky,Eberhardstr. 33,http://www.stolpersteine-stuttgart.de/index.php?docid=656&mid=66,48.7736342,9.1787871
Frieda Richnowsky,Eberhardstr. 33,http://www.stolpersteine-stuttgart.de/index.php?docid=656&mid=66,48.7736342,9.1787871
Anna Maria Rieg,Nelkenweg 8,,48.787547,9.2126255
Abraham Rimpel,Sophienstr. 5,http://www.stolpersteine-stuttgart.de/index.php?docid=659&mid=66,48.7196726,9.2343495
Rosa Rimpel,Sophienstr. 5,http://www.stolpersteine-stuttgart.de/index.php?docid=659&mid=66,48.7196726,9.2343495
Anna Robertson,Einkornstraße 28,,48.78205000000001,9.204419999999999
Ernst Rohatsch,Nägelesäcker 55,http://www.stolpersteine-stuttgart.de/index.php?docid=313&mid=66,48.79392,9.2607
Dina Rohrbacher,Gablenberger Hauptstr. 161,,48.77223,9.202869999999999
Moritz Rohrbacher,Gablenberger Hauptstr. 161,,48.77223,9.202869999999999
Emil Rohrer,Weimarstr. 17,http://www.stolpersteine-stuttgart.de/index.php?docid=648&mid=66,48.77538999999999,9.166839999999999
Rosa Rosen,Reutlinger Str. 73,http://www.stolpersteine-stuttgart.de/index.php?docid=723&mid=66,48.74333,9.175989999999999
Adolf Rosenfeld,Alexanderstr. 177,http://www.stolpersteine-stuttgart.de/index.php?docid=491&mid=66,48.76387,9.17689
Betty Rosenfeld,Breitscheidstr. 35,,48.77818,9.16561
Bona Rosenfeld,Payerstr. 12,,48.7696041,9.1950751
Charlotte Rosenfeld,Breitscheidstr. 35,,48.77818,9.16561
Theresia Rosenfeld,Breitscheidstr. 35,,48.77818,9.16561
Fritz Rosenfelder,König-Karl-Straße 66,http://www.stolpersteine-cannstatt.de/node/33,48.8027509,9.2153298
Sofie Rosenfelder,Haußmannstr. 6,http://www.stolpersteine-stuttgart.de/index.php?docid=691&mid=66,48.77864,9.19104
Sophie Rosenthal,Falkertstr. 88,http://www.stolpersteine-stuttgart.de/index.php?docid=459&mid=66,48.78538,9.16011
Susanne Rosenthal,Werastr. 9,http://www.stolpersteine-stuttgart.de/index.php?docid=849&mid=66,48.7782169,9.1885697
Ada Gabriella Rothschild,Lenzhalde 84,http://www.stolpersteine-stuttgart.de/index.php?docid=414&mid=66,48.7875755,9.1536744
Friedrich Rothschild,Wildunger Str. 30,http://www.stolpersteine-cannstatt.de/node/143,48.8026622,9.223157200000001
Ida Rothschild,Badstr. 40,http://www.stolpersteine-cannstatt.de/node/102,48.8044642,9.212347399999999
Josef Rothschild,Wildunger Str. 30,http://www.stolpersteine-cannstatt.de/node/143,48.8026622,9.223157200000001
Karl-Bernhard Rothschild,Hohenstaufenstr. 19,http://www.stolpersteine-stuttgart.de/index.php?docid=319&mid=66,48.76621,9.1686
Martin Rothschild,Seelbergstr. 7,http://www.stolpersteine-cannstatt.de/node/155,48.80303,9.218169999999999
Max Rothschild,Seelbergstraße 7,http://www.stolpersteine-cannstatt.de/node/155,48.80303,9.218169999999999
Max Heinrich Rothschild,Badstr. 40,http://www.stolpersteine-cannstatt.de/node/102,48.8044642,9.212347399999999
Otto Rothschild,Gaisburgstr. 18,http://www.stolpersteine-stuttgart.de/index.php?docid=393&mid=66,48.77569,9.18844
Otto Rothschild,Hegelstr. 49,,48.7842966,9.1613698
Rosa Rothschild,Wildunger Straße 30,http://www.stolpersteine-cannstatt.de/node/143,48.8026622,9.223157200000001
Sara Rothschild,Taubenheimstr. 62,http://www.stolpersteine-cannstatt.de/node/141,48.8024,9.22902
Thekla Rothschild,Gaisburgstr. 18,http://www.stolpersteine-stuttgart.de/index.php?docid=393&mid=66,48.77569,9.18844
Wilhelm Rothschild,Martin-Luther-Straße 37,http://www.stolpersteine-cannstatt.de/node/13,48.80512,9.22421
Karl Ruggaber,Wiesbaderner Str. 26,http://www.stolpersteine-cannstatt.de/node/171,48.80565499999999,9.222539099999999
Frieda Rühlemann,Hohewartstr. 7,,48.8083063,9.156294299999999
Lore Ruisinger,Dachtlerstraße 5,,48.81723,9.11007
Karl Rumberger,Reinhold-Brändle-Weg 8,http://www.stolpersteine-stuttgart.de/index.php?docid=372&mid=66,48.8348017,9.1815847
Erich Ruthhardt,Ameisenbergstr. 24,http://www.stolpersteine-stuttgart.de/index.php?docid=729&mid=66,48.78416,9.197289999999999
Bernhardine Salomon,Traubergstr. 15,,48.7710738,9.1977501
Berta Franziska Sander,Vandalenstr. 23,http://www.stolpersteine-stuttgart.de/index.php?docid=351&mid=66,48.82808,9.17032
Ernst Sander,Rosenstr. 35,http://www.stolpersteine-stuttgart.de/index.php?docid=709&mid=66,48.77424,9.184339999999999
Rebekka Sander,Rosenstr. 35,http://www.stolpersteine-stuttgart.de/index.php?docid=709&mid=66,48.77424,9.184339999999999
Siegfried Sander,Vandalenstr. 23,http://www.stolpersteine-stuttgart.de/index.php?docid=351&mid=66,48.82808,9.17032
Girscha Schadchin,Schwarenbergstr. 14,http://www.stolpersteine-stuttgart.de/index.php?docid=553&mid=66,48.7898973,9.2033373
Sigmund Schadchin,Schwarenbergstr. 14,http://www.stolpersteine-stuttgart.de/index.php?docid=553&mid=66,48.7898973,9.2033373
Vera Rahel Schadchin,Schwarenbergstr. 14,http://www.stolpersteine-stuttgart.de/index.php?docid=553&mid=66,48.7898973,9.2033373
Adolf Schäfer,Elisabethenstraße 40,,48.77445669999999,9.154788199999999
Fritz Schäfer,Gartenstr.  48,,48.7341274,9.105699399999999
Lina Schäfer,Elisabethenstraße 40,,48.77445669999999,9.154788199999999
Karl Schedel,Talstr. 107,http://www.stolpersteine-stuttgart.de/index.php?docid=828&mid=66,48.7562515,9.3203669
Gitla Scher,Stöckachstr. 1,http://www.stolpersteine-stuttgart.de/index.php?docid=801&mid=66,48.7895796,9.1975724
Sonja Scher,Stöckachstr. 1,http://www.stolpersteine-stuttgart.de/index.php?docid=801&mid=66,48.7895796,9.1975724
Emma Scherrieble,Bludenzer Str. 41,,48.814471,9.164238899999999
Eugen Scheucher,Aachener Str. 5,http://www.stolpersteine-cannstatt.de/node/150,48.8065636,9.2105263
August  Schlienz,Untere Querstr. 9,,48.8085,9.16018
Bella Schloss,Urbanstr. 31C,http://www.stolpersteine-stuttgart.de/index.php?docid=635&mid=66,48.77807,9.1865056
Margit Schloss,Urbanstr. 31C,http://www.stolpersteine-stuttgart.de/index.php?docid=635&mid=66,48.77807,9.1865056
Henriette Schlossberger,Stitzenburgstr 9,http://www.stolpersteine-stuttgart.de/index.php?docid=662&mid=66,48.77036,9.18508
Karl Günther Schmidt,Bochumer Str. 9,http://www.stolpersteine-cannstatt.de/node/125,48.814787,9.2086235
Donatus Schneck,Stöckachstr. 28,,48.7907431,9.2001108
Gisela Schneck,Stöckachstr. 28,,48.7907431,9.2001108
Josef Schneck,Stöckachstr. 28,,48.7907431,9.2001108
Josef Maria Schneck,Stöckachstr. 28,,48.7907431,9.2001108
Pauline Schneck,Stöckachstr. 28,,48.7907431,9.2001108
Sofie Schneck,Stöckachstr. 28,,48.7907431,9.2001108
Pauline Schneider,Galvanistr. 15,http://www.stolpersteine-stuttgart.de/index.php?docid=460&mid=66,48.82717599999999,9.1657355
Marianne Scholz,Tannenäckerstr. 33,http://www.stolpersteine-stuttgart.de/index.php?docid=311&mid=66,48.8143345,9.145643399999999
Emanuel Schömann,Doggenburgstr. 8,http://www.stolpersteine-stuttgart.de/index.php?docid=487&mid=66,48.78580119999999,9.1506043
Frieda Schömann,Doggenburgstr. 8,http://www.stolpersteine-stuttgart.de/index.php?docid=487&mid=66,48.78580119999999,9.1506043
Gertrun Schönberger,Ernst-Kachel-Str. 9,http://www.stolpersteine-stuttgart.de/index.php?docid=724&mid=66,48.73190090000001,9.110996199999999
Hildegard Schönlen,Kärntner Str. 35,,48.81269,9.15957
Karl Schrack,Jahnstr. 1,http://www.stolpersteine-stuttgart.de/index.php?docid=728&mid=66,48.7499565,9.170897199999999
Bernhard Schreiber,Schwabstr. 126,,48.78174749999999,9.1576601
Hedwig Schreiber,Schwabstr. 126,,48.78174749999999,9.1576601
Kurt Albert Schübel,Hagbergstr. 31,,48.7818761,9.2182534
Friedericke Schumacher,Lindenbachstr. 59,http://www.stolpersteine-stuttgart.de/index.php?docid=478&mid=66,48.81532000000001,9.12202
Dore Schwab,Brückenstraße 42,http://www.stolpersteine-cannstatt.de/node/101,48.8088869,9.2103326
Hedwig Schwab,Brückenstr. 42,http://www.stolpersteine-cannstatt.de/node/101,48.8088869,9.2103326
Manfred Schwab,Brückenstraße 42,http://www.stolpersteine-cannstatt.de/node/101,48.8088869,9.2103326
Thea Schwab,Brückenstraße 42,http://www.stolpersteine-cannstatt.de/node/101,48.8088869,9.2103326
Wilhelm Schwab,Brückenstraße 42,http://www.stolpersteine-cannstatt.de/node/101,48.8088869,9.2103326
Anna Schwabacher,Herdweg 37,http://www.stolpersteine-stuttgart.de/index.php?docid=805&mid=66,48.78548,9.1654
Johannes Schwarz,Rubensstr. 5,http://www.stolpersteine-stuttgart.de/index.php?docid=826&mid=66,48.7465212,9.169001399999999
Siegfried Schwarzschild,Klopstokstr. 34A,,48.7782597,9.151620699999999
Aron Schweizer,Gymnasiumstr.  23,http://www.stolpersteine-stuttgart.de/index.php?docid=694&mid=66,48.6710777,9.2170454
Ida Schweizer,Immenhoferstr. 12C,,48.76729,9.17525
Max Schweizer,Immenhoferstr. 12C,,48.76729,9.17525
Abraham Schweizer Dr.,Gymnasiumstr. 23,http://www.stolpersteine-stuttgart.de/index.php?docid=694&mid=66,48.6710777,9.2170454
Emmy Seitz,Wartbergstr. 14,http://www.stolpersteine-stuttgart.de/index.php?docid=431&mid=66,48.80604,9.18027
Theodor Seitz,Wartbergstr. 14,http://www.stolpersteine-stuttgart.de/index.php?docid=431&mid=66,48.80604,9.18027
Wilhelm Seybold,Veielbrunnenweg 90A,http://www.stolpersteine-cannstatt.de/node/128,48.79872,9.22651
Bertha Sichel,Lenzhalde 84,http://www.stolpersteine-stuttgart.de/index.php?docid=414&mid=66,48.7875755,9.1536744
Gustav Silberstein,Dornhaldenstr. 19,,48.75988,9.16061
Johanna Silberstein,Dornhaldenstr. 19,,48.75988,9.16061
Hermann Singer-Jorysch,Alexanderstr. 161,http://www.stolpersteine-stuttgart.de/index.php?docid=776&mid=66,48.76511,9.17809
Sabine Singer-Jorysch,Alexanderstr. 161,http://www.stolpersteine-stuttgart.de/index.php?docid=776&mid=66,48.76511,9.17809
Emilie Sommer,Wernerstr. 4,,48.81489,9.16705
David Spielmann,Seyfferstr. 73,http://www.stolpersteine-stuttgart.de/index.php?docid=480&mid=66,48.77315,9.15231
Elisabeth Spielmann,Seyfferstr. 73,http://www.stolpersteine-stuttgart.de/index.php?docid=480&mid=66,48.77315,9.15231
Fanny Spielmann,Seyfferstr. 73,http://www.stolpersteine-stuttgart.de/index.php?docid=480&mid=66,48.77315,9.15231
Lucia Spielmann,Rosenbergstr. 105,http://www.stolpersteine-stuttgart.de/index.php?docid=480&mid=66,48.777109,9.152539599999999
Norbert Spielmann,Rosenbergstr. 105,http://www.stolpersteine-stuttgart.de/index.php?docid=480&mid=66,48.777109,9.152539599999999
Ella Spier,Stitzenburgstr. 2,http://www.stolpersteine-stuttgart.de/index.php?docid=753&mid=66,48.7708714,9.1854728
Paula Spier,Stitzenburgstr.  2,http://www.stolpersteine-stuttgart.de/index.php?docid=753&mid=66,48.7708714,9.1854728
Eugen Spilger,Colmarer Str. 19,http://www.stolpersteine-stuttgart.de/index.php?docid=784&mid=66,48.8310442,9.1722117
Edwin Spiro,Taubenheimstraße 60,http://www.stolpersteine-cannstatt.de/node/68,48.8025534,9.2290418
Eugen Stähle,Finkenstr. 4,http://www.stolpersteine-stuttgart.de/index.php?docid=759&mid=66,48.7613046,9.155690000000002
Gustav Stange,Münchinger Str. 5,,48.8494086,9.155343700000001
Elisabeth Stein,Am Weißenhof 36,http://www.stolpersteine-stuttgart.de/index.php?docid=772&mid=66,48.80202999999999,9.17809
Julius Stein,Ehrenhalde 4,http://www.stolpersteine-stuttgart.de/index.php?docid=664&mid=66,48.79043,9.16516
Sofie Stein,Ehrenhalde 4,http://www.stolpersteine-stuttgart.de/index.php?docid=664&mid=66,48.79043,9.16516
Clarisse Steiner,Im Sonnigen Winkel 15,http://www.stolpersteine-stuttgart.de/index.php?docid=485&mid=66,48.785931,9.1520224
Dr. Viktor Steiner,Schloßstr. 27,http://www.stolpersteine-stuttgart.de/index.php?docid=485&mid=66,48.77908,9.17319
Johanna Steiner,Schloßstr. 27,http://www.stolpersteine-stuttgart.de/index.php?docid=485&mid=66,48.77908,9.17319
Josef Stempa,Olgastr. 128,,48.76616,9.17728
Adele Stern,Widdumhofstr. 34,,48.81276,9.11031
Albert Stern,Azenbergstr. 51,http://www.stolpersteine-stuttgart.de/index.php?docid=188&mid=66,48.7883024,9.163409399999999
Auguste Stern,Weidachstr. 16,http://www.stolpersteine-stuttgart.de/index.php?docid=717&mid=66,48.746287,9.166943300000002
Edith Stern,Weidachstr. 16,http://www.stolpersteine-stuttgart.de/index.php?docid=717&mid=66,48.746287,9.166943300000002
Heinrich Stern,Weidachstr. 16,http://www.stolpersteine-stuttgart.de/index.php?docid=717&mid=66,48.746287,9.166943300000002
Hermine Stern,Wiederholdstr. 22,http://www.stolpersteine-stuttgart.de/index.php?docid=741&mid=66,48.78707,9.16852
Hertha Stern,Azenbergstr. 51,http://www.stolpersteine-stuttgart.de/index.php?docid=188&mid=66,48.7883024,9.163409399999999
Julius Stern,Wiederholdstr. 22,http://www.stolpersteine-stuttgart.de/index.php?docid=741&mid=66,48.78707,9.16852
Marianne Stern,Wiederholdstr. 22,http://www.stolpersteine-stuttgart.de/index.php?docid=741&mid=66,48.78707,9.16852
Selma Ruth Stern,Azenbergstr. 51,http://www.stolpersteine-stuttgart.de/index.php?docid=188&mid=66,48.7883024,9.163409399999999
Eva Stettiner,Seestr. 114,http://www.stolpersteine-stuttgart.de/index.php?docid=387&mid=66,48.7886384,9.164544099999999
Hermann Stettiner,Rotebühlstr. 145,,48.7697943,9.155721
Käthe Stettiner,Seestr. 114,http://www.stolpersteine-stuttgart.de/index.php?docid=387&mid=66,48.7886384,9.164544099999999
Paul Stiefel,Kornwestheimer Str. 9,,48.84899,9.15719
Alice Straus,Hohenstaufenstr. 9,,48.7664565,9.1684757
Erna Strauß,Dillmannstr. 19,,48.7846637,9.1585422
Klara Straus,Gablenberger Hauptstr. 173,,48.77152,9.202589999999999
Manfred Straus,Hohenstaufenstr. 9,,48.7664565,9.1684757
Paula Straus,Gablenberger Hauptstr. 173,,48.77152,9.202589999999999
Erich Strobel,Laupheimer Str. 10,http://www.stolpersteine-stuttgart.de/index.php?docid=519&mid=66,48.77358,9.23912
Paul Ströbel,Schmidener Straße 38,http://www.stolpersteine-cannstatt.de/node/192,48.8099995,9.2210032
Roland Stütz,Bebelstr. 12B,,48.77523739999999,9.157712499999999
Erna Sussmann,Seestr. 66,http://www.stolpersteine-stuttgart.de/index.php?docid=799&mid=66,48.78588999999999,9.169839999999999
Simon  Tanne,Olgastr. 75,http://www.stolpersteine-stuttgart.de/index.php?docid=848&mid=66,48.77074,9.182129999999999
Else Thalmessinger,Lenzhalde 42,http://www.stolpersteine-stuttgart.de/index.php?docid=279&mid=66,48.79044,9.15899
Hermann Thalmessinger,Johannesstr. 40,http://www.stolpersteine-stuttgart.de/index.php?docid=386&mid=66,48.77773,9.1617
Otto Thalmessinger,Lenzhalde 42,http://www.stolpersteine-stuttgart.de/index.php?docid=279&mid=66,48.79044,9.15899
Anna Theurer,Spittastr. 6,,48.7753334,9.1514224
Maria Treyz,Alte Stuttgarter Str 109,http://www.stolpersteine-stuttgart.de/index.php?docid=857&mid=66,48.7777583,9.1323454
Johann Uebler,Dachswaldweg 178,http://www.stolpersteine-stuttgart.de/index.php?docid=726&mid=66,48.7486995,9.1255399
Erna Uhlman,Hölderlinstr. 57,http://www.stolpersteine-stuttgart.de/index.php?docid=852&mid=66,48.7833757,9.158584399999999
Johanna   Uhlman,Hölderlinstr. 57,http://www.stolpersteine-stuttgart.de/index.php?docid=852&mid=66,48.7833757,9.158584399999999
Ludwig Uhlman,Hölderlinstr. 57,http://www.stolpersteine-stuttgart.de/index.php?docid=852&mid=66,48.7833757,9.158584399999999
Oskar Uhlman,Hölderlinstr. 57,http://www.stolpersteine-stuttgart.de/index.php?docid=852&mid=66,48.7833757,9.158584399999999
Tana Uhlman,Hölderlinstr. 57,http://www.stolpersteine-stuttgart.de/index.php?docid=852&mid=66,48.7833757,9.158584399999999
Annie Ullmann,Schellbergstr. 62,,48.78455,9.201609999999999
Annie Ullmann,Schellberstr.  62,,48.8025779,9.0695935
Bella Ullmann,Tübinger Str. 45,http://www.stolpersteine-stuttgart.de/index.php?docid=746&mid=66,48.7696,9.17244
Irene Ullmann,Tübinger Str. 45,http://www.stolpersteine-stuttgart.de/index.php?docid=746&mid=66,48.7696,9.17244
Maximilian Ullmann,Schellbergstr. 62,,48.78455,9.201609999999999
Sigmund Ullmann,Tübinger Str. 45,http://www.stolpersteine-stuttgart.de/index.php?docid=746&mid=66,48.7696,9.17244
Viktor Ullmann,Schellbergstr. 62,,48.78455,9.201609999999999
Helene Unger,Danneckerstr. 18,http://www.stolpersteine-stuttgart.de/index.php?docid=787&mid=66,48.77189,9.1853
Emma Veit,Relenbergstr. 66,http://www.stolpersteine-stuttgart.de/index.php?docid=324&mid=66,48.78754,9.16511
Maximilian Veit,Relenbergstr. 66,http://www.stolpersteine-stuttgart.de/index.php?docid=324&mid=66,48.78754,9.16511
Alice Vogel,Felix-Dahn-Str. 73,http://www.stolpersteine-stuttgart.de/index.php?docid=714&mid=66,48.7520007,9.1816815
Richard Vogel,Felix-Dahn-Str. 73,http://www.stolpersteine-stuttgart.de/index.php?docid=714&mid=66,48.7520007,9.1816815
Hewdig  Voit,Langobardenstr. 39,http://www.stolpersteine-stuttgart.de/index.php?docid=757&mid=66,48.82839999999999,9.170069999999999
Waldemar Völker,Kruppstr. 15,,48.8160661,9.1726982
Max Wagner,Bebelstr. 29/2,http://www.stolpersteine-stuttgart.de/index.php?docid=355&mid=66,48.7746,9.15504
Anna Wahl,Langobardenstr. 40,http://www.stolpersteine-stuttgart.de/index.php?docid=758&mid=66,48.82858,9.17004
Berta Waldt,Olgastr. 139,http://www.stolpersteine-stuttgart.de/index.php?docid=732&mid=66,48.76522,9.1768
Salome Warscher,Schloßstr. 61,http://www.stolpersteine-stuttgart.de/index.php?docid=653&mid=66,48.7767501,9.1644164
Hedwig Weegmann,Mergentheimer Str. 7,http://www.stolpersteine-cannstatt.de/node/124,48.8085532,9.2195429
Julie Weil,Fideliostr. 15,http://www.stolpersteine-stuttgart.de/index.php?docid=720&mid=66,48.75433,9.17058
Ludwig Weil,Alexanderstr. 20,http://www.stolpersteine-stuttgart.de/index.php?docid=448&mid=66,48.77506409999999,9.188907
Marianne Weil,Sattlerstr. 25,http://www.stolpersteine-stuttgart.de/index.php?docid=647&mid=66,48.78472,9.1700692
Selma Weil,Alexanderstr. 20,http://www.stolpersteine-stuttgart.de/index.php?docid=448&mid=66,48.77506409999999,9.188907
Suse Weil,Sattlerstr. 25,http://www.stolpersteine-stuttgart.de/index.php?docid=647&mid=66,48.78472,9.1700692
Ludwig Weinberg,Stuttgarter Str. 106,http://www.stolpersteine-stuttgart.de/index.php?docid=309&mid=66,48.8090846,9.1578836
Rosalie Weinberg,Stuttgarter Str. 106,http://www.stolpersteine-stuttgart.de/index.php?docid=309&mid=66,48.8090846,9.1578836
Wilhelmine Weinheim,Danneckerstr. 37,http://www.stolpersteine-stuttgart.de/index.php?docid=796&mid=66,48.7687156,9.1834384
Karin Weininger,Ingelfinger Straße 5,,48.8276876,9.1766901
Sophie Weischedel,Hohewartstr. 21-23,,48.8078724,9.1549231
Hermann Weißhaupt,Dieselstr. 5,,48.81195169999999,9.1742376
Emma Weissberg,Böblinger Str. 38,http://www.stolpersteine-stuttgart.de/index.php?docid=404&mid=66,48.76347029999999,9.163170899999999
Norbert Weissberg,Böblinger Str. 38,http://www.stolpersteine-stuttgart.de/index.php?docid=404&mid=66,48.76347029999999,9.163170899999999
Hedwig Weitzner,Immenhoferstr. 16,http://www.stolpersteine-stuttgart.de/index.php?docid=744&mid=66,48.76673,9.17545
Norbert Weitzner,Immenhoferstr. 16,http://www.stolpersteine-stuttgart.de/index.php?docid=744&mid=66,48.76673,9.17545
Gertrud Wellner,Drostestr. 6,,48.8235873,9.1176268
Arthur Werner,Elsenhansstr. 1,,48.8095844,9.163239100000002
Hermine Wertheimer,Olgastr. 124,http://www.stolpersteine-stuttgart.de/index.php?docid=587&mid=66,48.76642,9.17751
Eugen Wiedmaier,Marconistr. 23,http://www.stolpersteine-stuttgart.de/index.php?docid=350&mid=66,48.8324586,9.157893999999999
Karl Wieland,Grünblickstraße 1,,48.77297,9.20333
Anna Wieler,Werfmershalde 12,http://www.stolpersteine-stuttgart.de/index.php?docid=551&mid=66,48.78538,9.19516
Gerda Wild,Reinhold-Brändle-Weg  8,http://www.stolpersteine-stuttgart.de/index.php?docid=844&mid=66,48.8348017,9.1815847
Karl Wilhelm,Zavelsteinstr. 6,,48.8060606,9.154759499999999
Erwin Winkler,Ingelfinger Str. 5,http://www.stolpersteine-stuttgart.de/index.php?docid=476&mid=66,48.8276876,9.1766901
Irene Winter,Hackstr. 24,,48.7891551,9.19947
Bella Wochenmark,Olgastr. 75,http://www.stolpersteine-stuttgart.de/index.php?docid=797&mid=66,48.77074,9.182129999999999
Joseph Wochenmark,Olgastr. 75,http://www.stolpersteine-stuttgart.de/index.php?docid=797&mid=66,48.77074,9.182129999999999
Georg Wohlleben,Beethovenstr. 58,http://www.stolpersteine-stuttgart.de/index.php?docid=417&mid=66,48.7744515,9.1337242
Helene Wöhr,Oswald-Hesse-Str. 86,http://www.stolpersteine-stuttgart.de/index.php?docid=245&mid=66,48.8085838,9.16203
Clementine Wolf,Ecklenstr. 7,http://www.stolpersteine-stuttgart.de/index.php?docid=545&mid=66,48.77882,9.20242
Dr. jur. Heinrich Wolf,Ecklenstr. 7,http://www.stolpersteine-stuttgart.de/index.php?docid=545&mid=66,48.77882,9.20242
Dr. med. Margarethe Wolf,Stälinweg 22,http://www.stolpersteine-stuttgart.de/index.php?docid=602&mid=66,48.76862999999999,9.19877
Eugenie Wolf,Ihmlingstr.  50,,48.80247,9.23805
Max Wolf,Mühlstr. 22,http://www.stolpersteine-stuttgart.de/index.php?docid=310&mid=66,48.80808440000001,9.1574146
Sigmund Wolf,Schottstr. 103,http://www.stolpersteine-stuttgart.de/index.php?docid=650&mid=66,48.78852999999999,9.17095
Elsa Wormser,Rankestr. 44,,48.7486708,9.2148086
Ida Wormser,Wörishofener Str. 22,http://www.stolpersteine-cannstatt.de/node/123,48.8003456,9.2279605
Erwin Wörn,Wiener Str. 123,,48.8101811,9.154866199999999
Heinrich Wortsmann,Weißenburgstr. 2 D,http://www.stolpersteine-stuttgart.de/index.php?docid=733&mid=66,48.76877,9.17558
Gottlieb Wurster,Goslarer Str. 95,,48.81676,9.125119999999999
Dr. Gottfried Hermann Wurz,Hasenbergsteige 79,http://www.stolpersteine-stuttgart.de/index.php?docid=295&mid=66,48.76481,9.14958
Hermann Würzburger,Brunnenstr. 55,http://www.stolpersteine-cannstatt.de/node/111,48.8073017,9.2167345
Chana Zanger,Blumenstr. 27,http://www.stolpersteine-stuttgart.de/index.php?docid=499&mid=66,48.77455,9.18787
Cilly Zanger,Blumenstr. 27,http://www.stolpersteine-stuttgart.de/index.php?docid=499&mid=66,48.77455,9.18787
Meta Zanger,Blumenstr. 27,http://www.stolpersteine-stuttgart.de/index.php?docid=499&mid=66,48.77455,9.18787
Moses Zanger,Blumenstr. 27,http://www.stolpersteine-stuttgart.de/index.php?docid=499&mid=66,48.77455,9.18787
Salomon Zanger,Blumenstr. 27,http://www.stolpersteine-stuttgart.de/index.php?docid=499&mid=66,48.77455,9.18787
Luise Zibold,Hornbergstr. 123,,48.7815046,9.2158069
Else Ziegler,Schickhardtstr. 33,,48.76544,9.15982
Gustav Ziegler,Kärtner Str. 35,,48.81269,9.15957
Ruth Ziegler,Schickhardtstr. 33,,48.76544,9.15982
Marie Zinn,Koppentalstr. 3,http://www.stolpersteine-stuttgart.de/index.php?docid=189&mid=66,48.7880945,9.1657124
Leya Zymbalist,Eugenstr. (6),http://www.stolpersteine-stuttgart.de/index.php?docid=872&mid=66,48.6943579,9.1209632
Nicolas  Zymbalist,Eugenstr.  (6),http://www.stolpersteine-stuttgart.de/index.php?docid=872&mid=66,48.6943579,9.1209632
Donatus Schneck,Stöckachstr. 28,,48.7907431,9.2001108
Gisela Schneck,Stöckachstr. 28,,48.7907431,9.2001108
Josef Schneck,Stöckachstr. 28,,48.7907431,9.2001108
Josef Maria Schneck,Stöckachstr. 28,,48.7907431,9.2001108
Pauline Schneck,Stöckachstr. 28,,48.7907431,9.2001108
Sofie Schneck,Stöckachstr. 28,,48.7907431,9.2001108
Pauline Schneider,Galvanistr. 15,http://www.stolpersteine-stuttgart.de/index.php?docid=460&mid=66,48.82717599999999,9.1657355
Marianne Scholz,Tannenäckerstr. 33,http://www.stolpersteine-stuttgart.de/index.php?docid=311&mid=66,48.8143345,9.145643399999999
Emanuel Schömann,Doggenburgstr. 8,http://www.stolpersteine-stuttgart.de/index.php?docid=487&mid=66,48.78580119999999,9.1506043
Frieda Schömann,Doggenburgstr. 8,http://www.stolpersteine-stuttgart.de/index.php?docid=487&mid=66,48.78580119999999,9.1506043
Gertrun Schönberger,Ernst-Kachel-Str. 9,http://www.stolpersteine-stuttgart.de/index.php?docid=724&mid=66,48.73190090000001,9.110996199999999
Hildegard Schönlen,Kärntner Str. 35,,48.81269,9.15957
Karl Schrack,Jahnstr. 1,http://www.stolpersteine-stuttgart.de/index.php?docid=728&mid=66,48.7499565,9.170897199999999
Bernhard Schreiber,Schwabstr. 126,,48.78174749999999,9.1576601
Hedwig Schreiber,Schwabstr. 126,,48.78174749999999,9.1576601
Kurt Albert Schübel,Hagbergstr. 31,,48.7818761,9.2182534
Friedericke Schumacher,Lindenbachstr. 59,http://www.stolpersteine-stuttgart.de/index.php?docid=478&mid=66,48.81532000000001,9.12202
Dore Schwab,Brückenstraße 42,http://www.stolpersteine-cannstatt.de/node/101,48.8088869,9.2103326
Hedwig Schwab,Brückenstr. 42,http://www.stolpersteine-cannstatt.de/node/101,48.8088869,9.2103326
Manfred Schwab,Brückenstraße 42,http://www.stolpersteine-cannstatt.de/node/101,48.8088869,9.2103326
Thea Schwab,Brückenstraße 42,http://www.stolpersteine-cannstatt.de/node/101,48.8088869,9.2103326
Wilhelm Schwab,Brückenstraße 42,http://www.stolpersteine-cannstatt.de/node/101,48.8088869,9.2103326
Anna Schwabacher,Herdweg 37,http://www.stolpersteine-stuttgart.de/index.php?docid=805&mid=66,48.78548,9.1654
Johannes Schwarz,Rubensstr. 5,http://www.stolpersteine-stuttgart.de/index.php?docid=826&mid=66,48.7465212,9.169001399999999
Siegfried Schwarzschild,Klopstokstr. 34A,,48.7782597,9.151620699999999
Aron Schweizer,Gymnasiumstr.  23,http://www.stolpersteine-stuttgart.de/index.php?docid=694&mid=66,48.6710777,9.2170454
Ida Schweizer,Immenhoferstr. 12C,,48.76729,9.17525
Max Schweizer,Immenhoferstr. 12C,,48.76729,9.17525
Abraham Schweizer Dr.,Gymnasiumstr. 23,http://www.stolpersteine-stuttgart.de/index.php?docid=694&mid=66,48.6710777,9.2170454
Emmy Seitz,Wartbergstr. 14,http://www.stolpersteine-stuttgart.de/index.php?docid=431&mid=66,48.80604,9.18027
Theodor Seitz,Wartbergstr. 14,http://www.stolpersteine-stuttgart.de/index.php?docid=431&mid=66,48.80604,9.18027
Wilhelm Seybold,Veielbrunnenweg 90A,http://www.stolpersteine-cannstatt.de/node/128,48.79872,9.22651
Bertha Sichel,Lenzhalde 84,http://www.stolpersteine-stuttgart.de/index.php?docid=414&mid=66,48.7875755,9.1536744
Gustav Silberstein,Dornhaldenstr. 19,,48.75988,9.16061
Johanna Silberstein,Dornhaldenstr. 19,,48.75988,9.16061
Hermann Singer-Jorysch,Alexanderstr. 161,http://www.stolpersteine-stuttgart.de/index.php?docid=776&mid=66,48.76511,9.17809
Sabine Singer-Jorysch,Alexanderstr. 161,http://www.stolpersteine-stuttgart.de/index.php?docid=776&mid=66,48.76511,9.17809
Emilie Sommer,Wernerstr. 4,,48.81489,9.16705
David Spielmann,Seyfferstr. 73,http://www.stolpersteine-stuttgart.de/index.php?docid=480&mid=66,48.77315,9.15231
Elisabeth Spielmann,Seyfferstr. 73,http://www.stolpersteine-stuttgart.de/index.php?docid=480&mid=66,48.77315,9.15231
Fanny Spielmann,Seyfferstr. 73,http://www.stolpersteine-stuttgart.de/index.php?docid=480&mid=66,48.77315,9.15231
Lucia Spielmann,Rosenbergstr. 105,http://www.stolpersteine-stuttgart.de/index.php?docid=480&mid=66,48.777109,9.152539599999999
Norbert Spielmann,Rosenbergstr. 105,http://www.stolpersteine-stuttgart.de/index.php?docid=480&mid=66,48.777109,9.152539599999999
Ella Spier,Stitzenburgstr. 2,http://www.stolpersteine-stuttgart.de/index.php?docid=753&mid=66,48.7708714,9.1854728
Paula Spier,Stitzenburgstr.  2,http://www.stolpersteine-stuttgart.de/index.php?docid=753&mid=66,48.7708714,9.1854728
Eugen Spilger,Colmarer Str. 19,http://www.stolpersteine-stuttgart.de/index.php?docid=784&mid=66,48.8310442,9.1722117
Edwin Spiro,Taubenheimstraße 60,http://www.stolpersteine-cannstatt.de/node/68,48.8025534,9.2290418
Eugen Stähle,Finkenstr. 4,http://www.stolpersteine-stuttgart.de/index.php?docid=759&mid=66,48.7613046,9.155690000000002
Gustav Stange,Münchinger Str. 5,,48.8494086,9.155343700000001
Elisabeth Stein,Am Weißenhof 36,http://www.stolpersteine-stuttgart.de/index.php?docid=772&mid=66,48.80202999999999,9.17809
Julius Stein,Ehrenhalde 4,http://www.stolpersteine-stuttgart.de/index.php?docid=664&mid=66,48.79043,9.16516
Sofie Stein,Ehrenhalde 4,http://www.stolpersteine-stuttgart.de/index.php?docid=664&mid=66,48.79043,9.16516
Clarisse Steiner,Im Sonnigen Winkel 15,http://www.stolpersteine-stuttgart.de/index.php?docid=485&mid=66,48.785931,9.1520224
Dr. Viktor Steiner,Schloßstr. 27,http://www.stolpersteine-stuttgart.de/index.php?docid=485&mid=66,48.77908,9.17319
Johanna Steiner,Schloßstr. 27,http://www.stolpersteine-stuttgart.de/index.php?docid=485&mid=66,48.77908,9.17319
Josef Stempa,Olgastr. 128,,48.76616,9.17728
Adele Stern,Widdumhofstr. 34,,48.81276,9.11031
Albert Stern,Azenbergstr. 51,http://www.stolpersteine-stuttgart.de/index.php?docid=188&mid=66,48.7883024,9.163409399999999
Auguste Stern,Weidachstr. 16,http://www.stolpersteine-stuttgart.de/index.php?docid=717&mid=66,48.746287,9.166943300000002
Edith Stern,Weidachstr. 16,http://www.stolpersteine-stuttgart.de/index.php?docid=717&mid=66,48.746287,9.166943300000002
Heinrich Stern,Weidachstr. 16,http://www.stolpersteine-stuttgart.de/index.php?docid=717&mid=66,48.746287,9.166943300000002
Hermine Stern,Wiederholdstr. 22,http://www.stolpersteine-stuttgart.de/index.php?docid=741&mid=66,48.78707,9.16852
Hertha Stern,Azenbergstr. 51,http://www.stolpersteine-stuttgart.de/index.php?docid=188&mid=66,48.7883024,9.163409399999999
Julius Stern,Wiederholdstr. 22,http://www.stolpersteine-stuttgart.de/index.php?docid=741&mid=66,48.78707,9.16852
Marianne Stern,Wiederholdstr. 22,http://www.stolpersteine-stuttgart.de/index.php?docid=741&mid=66,48.78707,9.16852
Selma Ruth Stern,Azenbergstr. 51,http://www.stolpersteine-stuttgart.de/index.php?docid=188&mid=66,48.7883024,9.163409399999999
Eva Stettiner,Seestr. 114,http://www.stolpersteine-stuttgart.de/index.php?docid=387&mid=66,48.7886384,9.164544099999999
Hermann Stettiner,Rotebühlstr. 145,,48.7697943,9.155721
Käthe Stettiner,Seestr. 114,http://www.stolpersteine-stuttgart.de/index.php?docid=387&mid=66,48.7886384,9.164544099999999
Paul Stiefel,Kornwestheimer Str. 9,,48.84899,9.15719
Alice Straus,Hohenstaufenstr. 9,,48.7664565,9.1684757
Erna Strauß,Dillmannstr. 19,,48.7846637,9.1585422
Klara Straus,Gablenberger Hauptstr. 173,,48.77152,9.202589999999999
Manfred Straus,Hohenstaufenstr. 9,,48.7664565,9.1684757
Paula Straus,Gablenberger Hauptstr. 173,,48.77152,9.202589999999999
Erich Strobel,Laupheimer Str. 10,http://www.stolpersteine-stuttgart.de/index.php?docid=519&mid=66,48.77358,9.23912
Paul Ströbel,Schmidener Straße 38,http://www.stolpersteine-cannstatt.de/node/192,48.8099995,9.2210032
Roland Stütz,Bebelstr. 12B,,48.77523739999999,9.157712499999999
Erna Sussmann,Seestr. 66,http://www.stolpersteine-stuttgart.de/index.php?docid=799&mid=66,48.78588999999999,9.169839999999999
Simon  Tanne,Olgastr. 75,http://www.stolpersteine-stuttgart.de/index.php?docid=848&mid=66,48.77074,9.182129999999999
Else Thalmessinger,Lenzhalde 42,http://www.stolpersteine-stuttgart.de/index.php?docid=279&mid=66,48.79044,9.15899
Hermann Thalmessinger,Johannesstr. 40,http://www.stolpersteine-stuttgart.de/index.php?docid=386&mid=66,48.77773,9.1617
Otto Thalmessinger,Lenzhalde 42,http://www.stolpersteine-stuttgart.de/index.php?docid=279&mid=66,48.79044,9.15899
Anna Theurer,Spittastr. 6,,48.7753334,9.1514224
Maria Treyz,Alte Stuttgarter Str 109,http://www.stolpersteine-stuttgart.de/index.php?docid=857&mid=66,48.7777583,9.1323454
Johann Uebler,Dachswaldweg 178,http://www.stolpersteine-stuttgart.de/index.php?docid=726&mid=66,48.7486995,9.1255399
Erna Uhlman,Hölderlinstr. 57,http://www.stolpersteine-stuttgart.de/index.php?docid=852&mid=66,48.7833757,9.158584399999999
Johanna   Uhlman,Hölderlinstr. 57,http://www.stolpersteine-stuttgart.de/index.php?docid=852&mid=66,48.7833757,9.158584399999999
Ludwig Uhlman,Hölderlinstr. 57,http://www.stolpersteine-stuttgart.de/index.php?docid=852&mid=66,48.7833757,9.158584399999999
Oskar Uhlman,Hölderlinstr. 57,http://www.stolpersteine-stuttgart.de/index.php?docid=852&mid=66,48.7833757,9.158584399999999
Tana Uhlman,Hölderlinstr. 57,http://www.stolpersteine-stuttgart.de/index.php?docid=852&mid=66,48.7833757,9.158584399999999
Annie Ullmann,Schellbergstr. 62,,48.78455,9.201609999999999
Annie Ullmann,Schellberstr.  62,,48.8025779,9.0695935
Bella Ullmann,Tübinger Str. 45,http://www.stolpersteine-stuttgart.de/index.php?docid=746&mid=66,48.7696,9.17244
Irene Ullmann,Tübinger Str. 45,http://www.stolpersteine-stuttgart.de/index.php?docid=746&mid=66,48.7696,9.17244
Maximilian Ullmann,Schellbergstr. 62,,48.78455,9.201609999999999
Sigmund Ullmann,Tübinger Str. 45,http://www.stolpersteine-stuttgart.de/index.php?docid=746&mid=66,48.7696,9.17244
Viktor Ullmann,Schellbergstr. 62,,48.78455,9.201609999999999
Helene Unger,Danneckerstr. 18,http://www.stolpersteine-stuttgart.de/index.php?docid=787&mid=66,48.77189,9.1853
Emma Veit,Relenbergstr. 66,http://www.stolpersteine-stuttgart.de/index.php?docid=324&mid=66,48.78754,9.16511
Maximilian Veit,Relenbergstr. 66,http://www.stolpersteine-stuttgart.de/index.php?docid=324&mid=66,48.78754,9.16511
Alice Vogel,Felix-Dahn-Str. 73,http://www.stolpersteine-stuttgart.de/index.php?docid=714&mid=66,48.7520007,9.1816815
Richard Vogel,Felix-Dahn-Str. 73,http://www.stolpersteine-stuttgart.de/index.php?docid=714&mid=66,48.7520007,9.1816815
Hewdig  Voit,Langobardenstr. 39,http://www.stolpersteine-stuttgart.de/index.php?docid=757&mid=66,48.82839999999999,9.170069999999999
Waldemar Völker,Kruppstr. 15,,48.8160661,9.1726982
Max Wagner,Bebelstr. 29/2,http://www.stolpersteine-stuttgart.de/index.php?docid=355&mid=66,48.7746,9.15504
Anna Wahl,Langobardenstr. 40,http://www.stolpersteine-stuttgart.de/index.php?docid=758&mid=66,48.82858,9.17004
Berta Waldt,Olgastr. 139,http://www.stolpersteine-stuttgart.de/index.php?docid=732&mid=66,48.76522,9.1768
Salome Warscher,Schloßstr. 61,http://www.stolpersteine-stuttgart.de/index.php?docid=653&mid=66,48.7767501,9.1644164
Hedwig Weegmann,Mergentheimer Str. 7,http://www.stolpersteine-cannstatt.de/node/124,48.8085532,9.2195429
Julie Weil,Fideliostr. 15,http://www.stolpersteine-stuttgart.de/index.php?docid=720&mid=66,48.75433,9.17058
Ludwig Weil,Alexanderstr. 20,http://www.stolpersteine-stuttgart.de/index.php?docid=448&mid=66,48.77506409999999,9.188907
Marianne Weil,Sattlerstr. 25,http://www.stolpersteine-stuttgart.de/index.php?docid=647&mid=66,48.78472,9.1700692
Selma Weil,Alexanderstr. 20,http://www.stolpersteine-stuttgart.de/index.php?docid=448&mid=66,48.77506409999999,9.188907
Suse Weil,Sattlerstr. 25,http://www.stolpersteine-stuttgart.de/index.php?docid=647&mid=66,48.78472,9.1700692
Ludwig Weinberg,Stuttgarter Str. 106,http://www.stolpersteine-stuttgart.de/index.php?docid=309&mid=66,48.8090846,9.1578836
Rosalie Weinberg,Stuttgarter Str. 106,http://www.stolpersteine-stuttgart.de/index.php?docid=309&mid=66,48.8090846,9.1578836
Wilhelmine Weinheim,Danneckerstr. 37,http://www.stolpersteine-stuttgart.de/index.php?docid=796&mid=66,48.7687156,9.1834384
Karin Weininger,Ingelfinger Straße 5,,48.8276876,9.1766901
Sophie Weischedel,Hohewartstr. 21-23,,48.8078724,9.1549231
Hermann Weißhaupt,Dieselstr. 5,,48.81195169999999,9.1742376
Emma Weissberg,Böblinger Str. 38,http://www.stolpersteine-stuttgart.de/index.php?docid=404&mid=66,48.76347029999999,9.163170899999999
Norbert Weissberg,Böblinger Str. 38,http://www.stolpersteine-stuttgart.de/index.php?docid=404&mid=66,48.76347029999999,9.163170899999999
Hedwig Weitzner,Immenhoferstr. 16,http://www.stolpersteine-stuttgart.de/index.php?docid=744&mid=66,48.76673,9.17545
Norbert Weitzner,Immenhoferstr. 16,http://www.stolpersteine-stuttgart.de/index.php?docid=744&mid=66,48.76673,9.17545
Gertrud Wellner,Drostestr. 6,,48.8235873,9.1176268
Arthur Werner,Elsenhansstr. 1,,48.8095844,9.163239100000002
Hermine Wertheimer,Olgastr. 124,http://www.stolpersteine-stuttgart.de/index.php?docid=587&mid=66,48.76642,9.17751
Eugen Wiedmaier,Marconistr. 23,http://www.stolpersteine-stuttgart.de/index.php?docid=350&mid=66,48.8324586,9.157893999999999
Karl Wieland,Grünblickstraße 1,,48.77297,9.20333
Anna Wieler,Werfmershalde 12,http://www.stolpersteine-stuttgart.de/index.php?docid=551&mid=66,48.78538,9.19516
Gerda Wild,Reinhold-Brändle-Weg  8,http://www.stolpersteine-stuttgart.de/index.php?docid=844&mid=66,48.8348017,9.1815847
Karl Wilhelm,Zavelsteinstr. 6,,48.8060606,9.154759499999999
Erwin Winkler,Ingelfinger Str. 5,http://www.stolpersteine-stuttgart.de/index.php?docid=476&mid=66,48.8276876,9.1766901
Irene Winter,Hackstr. 24,,48.7891551,9.19947
Bella Wochenmark,Olgastr. 75,http://www.stolpersteine-stuttgart.de/index.php?docid=797&mid=66,48.77074,9.182129999999999
Joseph Wochenmark,Olgastr. 75,http://www.stolpersteine-stuttgart.de/index.php?docid=797&mid=66,48.77074,9.182129999999999
Georg Wohlleben,Beethovenstr. 58,http://www.stolpersteine-stuttgart.de/index.php?docid=417&mid=66,48.7744515,9.1337242
Helene Wöhr,Oswald-Hesse-Str. 86,http://www.stolpersteine-stuttgart.de/index.php?docid=245&mid=66,48.8085838,9.16203
Clementine Wolf,Ecklenstr. 7,http://www.stolpersteine-stuttgart.de/index.php?docid=545&mid=66,48.77882,9.20242
Dr. jur. Heinrich Wolf,Ecklenstr. 7,http://www.stolpersteine-stuttgart.de/index.php?docid=545&mid=66,48.77882,9.20242
Dr. med. Margarethe Wolf,Stälinweg 22,http://www.stolpersteine-stuttgart.de/index.php?docid=602&mid=66,48.76862999999999,9.19877
Eugenie Wolf,Ihmlingstr.  50,,48.80247,9.23805
Max Wolf,Mühlstr. 22,http://www.stolpersteine-stuttgart.de/index.php?docid=310&mid=66,48.80808440000001,9.1574146
Sigmund Wolf,Schottstr. 103,http://www.stolpersteine-stuttgart.de/index.php?docid=650&mid=66,48.78852999999999,9.17095
Elsa Wormser,Rankestr. 44,,48.7486708,9.2148086
Ida Wormser,Wörishofener Str. 22,http://www.stolpersteine-cannstatt.de/node/123,48.8003456,9.2279605
Erwin Wörn,Wiener Str. 123,,48.8101811,9.154866199999999
Heinrich Wortsmann,Weißenburgstr. 2 D,http://www.stolpersteine-stuttgart.de/index.php?docid=733&mid=66,48.76877,9.17558
Gottlieb Wurster,Goslarer Str. 95,,48.81676,9.125119999999999
Dr. Gottfried Hermann Wurz,Hasenbergsteige 79,http://www.stolpersteine-stuttgart.de/index.php?docid=295&mid=66,48.76481,9.14958
Hermann Würzburger,Brunnenstr. 55,http://www.stolpersteine-cannstatt.de/node/111,48.8073017,9.2167345
Chana Zanger,Blumenstr. 27,http://www.stolpersteine-stuttgart.de/index.php?docid=499&mid=66,48.77455,9.18787
Cilly Zanger,Blumenstr. 27,http://www.stolpersteine-stuttgart.de/index.php?docid=499&mid=66,48.77455,9.18787
Meta Zanger,Blumenstr. 27,http://www.stolpersteine-stuttgart.de/index.php?docid=499&mid=66,48.77455,9.18787
Moses Zanger,Blumenstr. 27,http://www.stolpersteine-stuttgart.de/index.php?docid=499&mid=66,48.77455,9.18787
Salomon Zanger,Blumenstr. 27,http://www.stolpersteine-stuttgart.de/index.php?docid=499&mid=66,48.77455,9.18787
Luise Zibold,Hornbergstr. 123,,48.7815046,9.2158069
Else Ziegler,Schickhardtstr. 33,,48.76544,9.15982
Gustav Ziegler,Kärtner Str. 35,,48.81269,9.15957
Ruth Ziegler,Schickhardtstr. 33,,48.76544,9.15982
Marie Zinn,Koppentalstr. 3,http://www.stolpersteine-stuttgart.de/index.php?docid=189&mid=66,48.7880945,9.1657124
Leya Zymbalist,Eugenstr. (6),http://www.stolpersteine-stuttgart.de/index.php?docid=872&mid=66,48.6943579,9.1209632
Nicolas  Zymbalist,Eugenstr.  (6),http://www.stolpersteine-stuttgart.de/index.php?docid=872&mid=66,48.6943579,9.1209632
